year,district,crop,season,area_hectares,production_tonnes,yield_kg_per_hectare,rainfall_mm,farmers_count,irrigation_percentage
2019,Hyderabad,Rice,Kharif,29070,47738,907,478,1039,55
2019,Hyderabad,Rice,Rabi,20449,66658,3737,726,3098,50
2019,Hyderabad,Cotton,Summer,39817,92174,1121,953,2154,82
2019,Hyderabad,Maize,Rabi,20888,6702,1730,419,4323,54
2019,Hyderabad,Maize,Summer,4199,1258,1113,462,2389,52
2019,Hyderabad,Sugarcane,Kharif,2142,27298,3633,988,1155,83
2019,Hyderabad,Sugarcane,Summer,48433,24562,2550,469,840,49
2019,Hyderabad,Groundnut,Rabi,34795,93519,4605,1024,2437,57
2019,Hyderabad,Soybean,Kharif,11347,48034,1347,1163,2499,57
2019,Hyderabad,Soybean,Rabi,6667,59263,4057,718,3962,62
2019,Hyderabad,Soybean,Summer,10292,59592,3372,789,4034,84
2019,Hyderabad,Sunflower,Kharif,46185,34939,2860,889,4712,60
2019,Hyderabad,Sunflower,Summer,44093,8576,3165,870,669,63
2019,Hyderabad,Chili,Rabi,34295,51984,4600,627,3637,61
2019,Hyderabad,Chili,Summer,10733,52409,4964,1067,3098,43
2019,Hyderabad,Turmeric,Summer,32549,41071,2719,855,4830,63
2019,Hyderabad,Wheat,Rabi,3080,8375,4464,1182,2168,68
2019,Warangal,Rice,Kharif,19539,22090,4735,541,4883,85
2019,Warangal,Cotton,Kharif,17678,45337,3354,1020,3873,77
2019,Warangal,Cotton,Summer,25371,65076,1092,1128,4150,43
2019,Warangal,Maize,Kharif,13748,87044,3264,535,967,22
2019,Warangal,Maize,Summer,8666,25750,2500,655,589,57
2019,Warangal,Sugarcane,Rabi,34030,66591,984,689,4365,69
2019,Warangal,Groundnut,Kharif,40438,73092,4534,614,3273,74
2019,Warangal,Groundnut,Summer,45864,81088,2905,489,479,47
2019,Warangal,Soybean,Kharif,44709,56649,841,594,4725,41
2019,Warangal,Soybean,Summer,41829,84353,2159,508,1956,58
2019,Warangal,Sunflower,Rabi,44509,95070,4464,609,3548,83
2019,Warangal,Sunflower,Summer,32024,11513,1574,601,2213,84
2019,Warangal,Chili,Kharif,29939,99218,3408,619,2041,34
2019,Warangal,Chili,Rabi,27928,10130,4039,892,3703,71
2019,Warangal,Turmeric,Kharif,1793,30360,2294,1153,3078,24
2019,Warangal,Turmeric,Rabi,35359,39218,2061,574,240,50
2019,Warangal,Wheat,Kharif,30753,75520,3081,530,2039,45
2019,Warangal,Wheat,Summer,45721,94724,3039,821,4421,52
2019,Nizamabad,Rice,Kharif,19899,67161,3237,1188,3782,29
2019,Nizamabad,Rice,Rabi,33855,77393,2877,513,466,60
2019,Nizamabad,Cotton,Kharif,19728,55537,4064,755,3008,48
2019,Nizamabad,Cotton,Summer,17424,80814,4713,625,741,63
2019,Nizamabad,Maize,Kharif,30075,19455,1367,756,202,21
2019,Nizamabad,Maize,Rabi,27362,83878,3658,935,3729,27
2019,Nizamabad,Maize,Summer,9233,60039,4691,474,1066,90
2019,Nizamabad,Sugarcane,Rabi,22502,51854,3884,688,4859,20
2019,Nizamabad,Groundnut,Rabi,15272,75145,1433,1063,3992,27
2019,Nizamabad,Soybean,Kharif,3056,26457,1193,545,1667,87
2019,Nizamabad,Soybean,Rabi,19967,61721,2144,1028,4611,58
2019,Nizamabad,Sunflower,Rabi,10522,8955,1406,565,1217,90
2019,Nizamabad,Turmeric,Kharif,16395,61112,2261,549,4311,46
2019,Nizamabad,Turmeric,Rabi,22873,2412,3006,1091,4209,60
2019,Nizamabad,Wheat,Kharif,38880,42070,3149,934,3651,75
2019,Nizamabad,Wheat,Rabi,22638,8711,2747,1200,2145,67
2019,Nizamabad,Wheat,Summer,19386,17920,1574,446,4399,70
2019,Karimnagar,Rice,Rabi,23865,92789,1120,485,469,75
2019,Karimnagar,Cotton,Rabi,1795,5245,3871,519,4924,70
2019,Karimnagar,Cotton,Summer,35690,46468,2546,1148,1135,27
2019,Karimnagar,Maize,Kharif,13441,38117,4302,703,4609,48
2019,Karimnagar,Maize,Summer,27001,98872,2598,861,3763,56
2019,Karimnagar,Sugarcane,Kharif,42973,89447,2727,1072,1976,85
2019,Karimnagar,Sugarcane,Summer,15794,30857,1362,534,4624,35
2019,Karimnagar,Groundnut,Rabi,7734,43792,840,1151,2358,29
2019,Karimnagar,Soybean,Kharif,21804,38383,4944,1142,2348,88
2019,Karimnagar,Soybean,Rabi,32245,52051,1429,784,4331,49
2019,Karimnagar,Soybean,Summer,17308,4010,3958,574,3145,43
2019,Karimnagar,Sunflower,Kharif,32497,48179,3633,646,2043,70
2019,Karimnagar,Sunflower,Summer,2132,95172,1265,821,3098,27
2019,Karimnagar,Chili,Kharif,15522,73432,3944,1037,408,27
2019,Karimnagar,Chili,Rabi,38103,89660,2808,1037,1014,82
2019,Karimnagar,Chili,Summer,16879,53329,3080,646,2369,68
2019,Karimnagar,Turmeric,Kharif,25655,32940,1303,649,702,51
2019,Karimnagar,Turmeric,Summer,6681,80683,2693,593,839,36
2019,Karimnagar,Wheat,Summer,47502,8268,4592,480,2621,49
2019,Khammam,Cotton,Kharif,7541,24866,4629,804,1747,83
2019,Khammam,Cotton,Rabi,37804,88874,4124,1110,3736,80
2019,Khammam,Cotton,Summer,17988,83393,1892,694,1918,31
2019,Khammam,Maize,Kharif,45686,18898,928,580,528,50
2019,Khammam,Maize,Rabi,26042,8486,3633,1004,1536,65
2019,Khammam,Maize,Summer,24516,72116,2889,759,1217,38
2019,Khammam,Sugarcane,Rabi,20469,688,1769,1119,4845,26
2019,Khammam,Sugarcane,Summer,3851,2688,3592,1018,548,36
2019,Khammam,Groundnut,Kharif,41557,67663,3197,867,2611,44
2019,Khammam,Soybean,Kharif,46471,59140,2856,614,4763,86
2019,Khammam,Soybean,Rabi,28056,28170,3068,1027,3975,31
2019,Khammam,Soybean,Summer,46442,70545,4823,753,2967,35
2019,Khammam,Sunflower,Summer,18225,84861,2181,624,371,72
2019,Khammam,Chili,Kharif,44478,17319,2811,622,3650,81
2019,Khammam,Turmeric,Kharif,39893,24226,1665,760,371,49
2019,Khammam,Turmeric,Rabi,15380,25244,2212,1166,303,63
2019,Khammam,Wheat,Kharif,44255,9143,1901,659,1723,32
2019,Khammam,Wheat,Rabi,43555,33949,2517,767,1837,42
2019,Khammam,Wheat,Summer,3928,36358,3324,640,2566,74
2019,Adilabad,Rice,Kharif,36977,45521,3997,856,579,82
2019,Adilabad,Cotton,Kharif,36091,74373,3483,947,2388,26
2019,Adilabad,Cotton,Rabi,8478,9474,3086,522,570,82
2019,Adilabad,Sugarcane,Kharif,12747,67734,2051,602,139,62
2019,Adilabad,Sugarcane,Rabi,18376,7139,1566,466,3115,85
2019,Adilabad,Groundnut,Kharif,43884,98305,2013,528,4273,76
2019,Adilabad,Soybean,Kharif,41884,59260,2746,984,4485,65
2019,Adilabad,Soybean,Rabi,17659,60316,1862,437,689,32
2019,Adilabad,Soybean,Summer,44360,66340,2162,660,1605,86
2019,Adilabad,Sunflower,Kharif,14196,28597,4039,895,2127,77
2019,Adilabad,Sunflower,Rabi,28873,83052,4235,421,3888,89
2019,Adilabad,Chili,Kharif,11098,71638,1155,1070,2081,64
2019,Adilabad,Chili,Rabi,3367,64611,1520,1010,1312,27
2019,Adilabad,Turmeric,Summer,4639,79206,3232,556,1495,56
2019,Adilabad,Wheat,Kharif,9320,66540,4606,557,3234,64
2019,Adilabad,Wheat,Rabi,17872,12809,864,426,1708,80
2019,Adilabad,Wheat,Summer,27779,9421,4345,1053,3681,52
2019,Medak,Rice,Kharif,49072,17972,4445,465,1650,60
2019,Medak,Rice,Rabi,11740,34007,3724,859,3091,86
2019,Medak,Rice,Summer,20998,51445,2653,668,1781,37
2019,Medak,Cotton,Rabi,2447,78950,1075,488,1277,73
2019,Medak,Cotton,Summer,21012,26154,1862,1061,2613,58
2019,Medak,Maize,Kharif,19667,14898,2493,971,3129,45
2019,Medak,Maize,Summer,25134,67548,4566,582,2070,45
2019,Medak,Sugarcane,Kharif,5369,59601,4015,1121,1581,49
2019,Medak,Sugarcane,Rabi,23067,4936,2675,918,2906,35
2019,Medak,Sugarcane,Summer,44232,36577,3600,430,918,90
2019,Medak,Groundnut,Kharif,1049,57016,2833,550,621,84
2019,Medak,Groundnut,Rabi,20626,60061,3028,835,2516,30
2019,Medak,Groundnut,Summer,36824,75893,3406,1165,874,69
2019,Medak,Soybean,Kharif,37942,97738,2839,875,2965,70
2019,Medak,Soybean,Rabi,46171,20546,815,652,974,74
2019,Medak,Soybean,Summer,3448,27596,2082,636,2139,72
2019,Medak,Sunflower,Rabi,47054,35054,3658,720,1417,23
2019,Medak,Chili,Kharif,20782,61498,4305,643,4123,53
2019,Medak,Chili,Rabi,1353,54845,3301,1151,373,39
2019,Medak,Turmeric,Kharif,16023,45482,1472,1183,3383,88
2019,Medak,Turmeric,Rabi,20316,97939,4227,882,2741,47
2019,Medak,Turmeric,Summer,45187,99945,2775,511,597,73
2019,Medak,Wheat,Kharif,49935,67434,2648,705,102,83
2019,Medak,Wheat,Summer,48039,6902,1726,1195,1686,79
2019,Rangareddy,Rice,Kharif,11653,62664,4279,675,1208,55
2019,Rangareddy,Rice,Summer,26792,29424,2837,602,1466,53
2019,Rangareddy,Cotton,Kharif,18116,8386,3439,928,4069,20
2019,Rangareddy,Maize,Rabi,20698,51539,1204,1136,4511,67
2019,Rangareddy,Groundnut,Kharif,40825,33356,3097,522,1142,72
2019,Rangareddy,Groundnut,Summer,39542,70230,1113,725,2142,22
2019,Rangareddy,Soybean,Kharif,2398,18305,3853,459,2114,64
2019,Rangareddy,Soybean,Summer,7050,13173,937,726,4081,41
2019,Rangareddy,Chili,Kharif,6456,68891,4453,742,994,71
2019,Rangareddy,Chili,Rabi,7106,79027,1405,500,3167,39
2019,Rangareddy,Chili,Summer,23678,61327,1453,1197,1926,89
2019,Rangareddy,Turmeric,Kharif,25802,78452,1959,567,4117,58
2019,Rangareddy,Turmeric,Summer,14514,76710,4863,1077,4086,35
2019,Rangareddy,Wheat,Rabi,16622,51917,2908,918,868,28
2019,Rangareddy,Wheat,Summer,12864,16796,2979,582,3395,66
2019,Mahbubnagar,Rice,Kharif,49730,53287,1560,728,4020,60
2019,Mahbubnagar,Rice,Summer,14756,84358,1495,840,3950,66
2019,Mahbubnagar,Cotton,Kharif,26201,56127,1050,1179,4978,83
2019,Mahbubnagar,Cotton,Summer,36923,10041,3809,749,1851,79
2019,Mahbubnagar,Maize,Kharif,37337,10837,1506,948,4869,42
2019,Mahbubnagar,Maize,Rabi,47810,91068,3095,750,1049,35
2019,Mahbubnagar,Maize,Summer,47370,719,4116,941,101,33
2019,Mahbubnagar,Sugarcane,Kharif,13845,96313,3110,571,995,73
2019,Mahbubnagar,Sugarcane,Rabi,13857,65540,4014,528,3952,57
2019,Mahbubnagar,Sugarcane,Summer,28834,49091,3460,1176,2216,48
2019,Mahbubnagar,Groundnut,Kharif,47997,76788,4116,920,1730,75
2019,Mahbubnagar,Groundnut,Rabi,48372,21320,3554,764,685,33
2019,Mahbubnagar,Soybean,Kharif,34206,27433,2601,1123,593,32
2019,Mahbubnagar,Soybean,Summer,7335,49588,4877,746,2740,35
2019,Mahbubnagar,Sunflower,Kharif,11752,1998,2823,1076,2168,50
2019,Mahbubnagar,Sunflower,Rabi,38072,77701,826,1012,3315,60
2019,Mahbubnagar,Chili,Kharif,16333,76922,2961,491,3690,62
2019,Mahbubnagar,Chili,Rabi,47368,24876,2752,477,1737,29
2019,Mahbubnagar,Turmeric,Kharif,25124,44994,884,570,344,53
2019,Mahbubnagar,Turmeric,Summer,19791,49807,2076,954,2485,49
2019,Mahbubnagar,Wheat,Rabi,34691,64692,4979,660,290,63
2019,Mahbubnagar,Wheat,Summer,17312,66771,2233,1101,3044,50
2019,Nalgonda,Rice,Kharif,47912,72225,1712,668,2768,65
2019,Nalgonda,Rice,Rabi,26523,48933,4262,518,665,42
2019,Nalgonda,Rice,Summer,13641,36553,3824,1074,1254,54
2019,Nalgonda,Cotton,Kharif,27722,74041,3442,489,4891,33
2019,Nalgonda,Cotton,Summer,13504,93670,2327,737,3206,46
2019,Nalgonda,Maize,Summer,18725,91273,1621,450,4517,74
2019,Nalgonda,Sugarcane,Kharif,40325,78383,2012,886,130,68
2019,Nalgonda,Sugarcane,Summer,33602,86138,3450,541,1248,43
2019,Nalgonda,Groundnut,Kharif,19119,36028,3784,740,3155,50
2019,Nalgonda,Groundnut,Rabi,14348,38352,3527,1040,1254,47
2019,Nalgonda,Soybean,Kharif,14946,98471,2988,1036,2879,79
2019,Nalgonda,Soybean,Rabi,20697,56166,993,1052,3767,27
2019,Nalgonda,Soybean,Summer,33563,22901,4670,408,1304,35
2019,Nalgonda,Sunflower,Kharif,2009,51930,1411,1106,3975,80
2019,Nalgonda,Sunflower,Rabi,35736,11871,2008,631,1203,40
2019,Nalgonda,Sunflower,Summer,8551,34641,996,482,2368,47
2019,Nalgonda,Chili,Kharif,49073,73945,4345,621,1892,84
2019,Nalgonda,Chili,Rabi,32262,96726,4839,759,1774,72
2019,Nalgonda,Chili,Summer,45543,82004,3514,774,1941,36
2019,Nalgonda,Turmeric,Summer,34343,88822,1773,1094,3538,23
2019,Nalgonda,Wheat,Summer,44805,90194,4737,682,3650,29
2020,Hyderabad,Rice,Kharif,30771,10031,3954,911,2471,42
2020,Hyderabad,Rice,Summer,30765,26290,3246,1001,1192,23
2020,Hyderabad,Cotton,Kharif,49671,69114,3205,1092,399,44
2020,Hyderabad,Cotton,Rabi,20416,85524,3954,684,2542,77
2020,Hyderabad,Cotton,Summer,46901,16913,4932,741,3035,49
2020,Hyderabad,Maize,Summer,41843,77390,3145,865,1084,62
2020,Hyderabad,Sugarcane,Kharif,34383,6621,2983,557,2256,63
2020,Hyderabad,Sugarcane,Rabi,12809,79999,4467,784,2466,30
2020,Hyderabad,Sugarcane,Summer,30617,66017,3547,1154,2681,67
2020,Hyderabad,Groundnut,Kharif,44113,53721,4276,604,1027,54
2020,Hyderabad,Soybean,Kharif,41362,97234,2205,1055,1859,66
2020,Hyderabad,Soybean,Rabi,46182,36497,2857,1017,591,57
2020,Hyderabad,Soybean,Summer,18944,85719,1168,801,4297,62
2020,Hyderabad,Sunflower,Kharif,6379,97917,3998,705,2051,68
2020,Hyderabad,Sunflower,Rabi,35056,71985,2302,1088,1511,51
2020,Hyderabad,Sunflower,Summer,4408,28313,2898,840,4926,22
2020,Hyderabad,Chili,Summer,34442,54659,4536,682,1504,54
2020,Hyderabad,Turmeric,Kharif,10906,75895,2464,802,1625,58
2020,Hyderabad,Turmeric,Summer,36106,66650,3420,568,4228,51
2020,Hyderabad,Wheat,Kharif,30700,53776,1464,428,3425,66
2020,Hyderabad,Wheat,Rabi,49852,68729,1303,696,3703,54
2020,Hyderabad,Wheat,Summer,10822,88220,4027,1133,232,69
2020,Warangal,Rice,Kharif,2453,9993,2087,739,1574,63
2020,Warangal,Rice,Rabi,17399,83944,4841,444,4197,78
2020,Warangal,Cotton,Kharif,33225,97537,4614,429,1265,44
2020,Warangal,Cotton,Rabi,45696,92508,1860,511,4907,53
2020,Warangal,Cotton,Summer,43107,14945,1080,554,2513,23
2020,Warangal,Maize,Rabi,9719,55755,3643,404,3176,29
2020,Warangal,Maize,Summer,41652,38270,4189,677,4467,37
2020,Warangal,Sugarcane,Kharif,45983,15712,3442,522,2138,38
2020,Warangal,Sugarcane,Rabi,39025,70031,2746,886,2055,37
2020,Warangal,Groundnut,Kharif,42270,16843,4850,593,1998,24
2020,Warangal,Groundnut,Rabi,33586,32808,2919,505,4197,31
2020,Warangal,Soybean,Kharif,21324,81668,3020,1068,2905,29
2020,Warangal,Soybean,Rabi,37900,34325,4064,556,3577,67
2020,Warangal,Soybean,Summer,29372,62672,3752,977,904,90
2020,Warangal,Sunflower,Kharif,15109,43712,2190,620,4385,29
2020,Warangal,Sunflower,Summer,11684,63266,882,566,4110,34
2020,Warangal,Chili,Kharif,46767,48925,3368,1158,4530,60
2020,Warangal,Chili,Summer,24215,55019,1800,690,102,74
2020,Warangal,Turmeric,Rabi,7632,13277,1160,1183,2100,75
2020,Warangal,Turmeric,Summer,35314,82498,4501,554,3788,64
2020,Warangal,Wheat,Kharif,42064,21561,2203,731,3399,68
2020,Warangal,Wheat,Summer,30657,28161,2841,787,4168,73
2020,Nizamabad,Rice,Summer,9691,7003,3812,559,4850,40
2020,Nizamabad,Cotton,Kharif,33928,20177,1196,490,4181,51
2020,Nizamabad,Cotton,Rabi,21253,94963,2757,988,1541,60
2020,Nizamabad,Cotton,Summer,17817,66943,3115,948,3306,50
2020,Nizamabad,Maize,Kharif,6010,95371,1259,524,1926,78
2020,Nizamabad,Maize,Summer,17328,13491,3058,853,1499,86
2020,Nizamabad,Sugarcane,Kharif,9839,49058,3551,907,3484,23
2020,Nizamabad,Sugarcane,Rabi,11227,66024,3976,693,519,76
2020,Nizamabad,Sugarcane,Summer,27517,98559,2393,685,504,46
2020,Nizamabad,Groundnut,Kharif,5099,43415,1645,852,4013,41
2020,Nizamabad,Groundnut,Rabi,34375,69820,4323,936,4185,60
2020,Nizamabad,Groundnut,Summer,1252,42959,2502,475,2357,64
2020,Nizamabad,Soybean,Kharif,48938,87111,2914,548,758,39
2020,Nizamabad,Soybean,Rabi,11377,26358,4922,663,3748,46
2020,Nizamabad,Soybean,Summer,1077,97957,3392,1028,2349,83
2020,Nizamabad,Sunflower,Kharif,39627,40766,2771,1086,1207,83
2020,Nizamabad,Sunflower,Rabi,33428,59670,822,1013,332,52
2020,Nizamabad,Sunflower,Summer,38030,31327,1924,910,2080,68
2020,Nizamabad,Chili,Kharif,13285,74515,2215,783,771,31
2020,Nizamabad,Chili,Rabi,46286,55821,2040,410,3052,87
2020,Nizamabad,Turmeric,Kharif,36953,38115,3347,1123,1673,54
2020,Nizamabad,Turmeric,Rabi,12956,10194,878,1012,1575,78
2020,Nizamabad,Turmeric,Summer,6421,90178,1654,446,4786,50
2020,Nizamabad,Wheat,Kharif,7870,32524,3241,872,1381,68
2020,Nizamabad,Wheat,Rabi,46901,72129,3498,498,1955,71
2020,Nizamabad,Wheat,Summer,10769,21233,1291,613,1216,26
2020,Karimnagar,Rice,Kharif,16208,90279,4932,650,636,82
2020,Karimnagar,Rice,Rabi,41062,30532,3158,941,221,30
2020,Karimnagar,Cotton,Summer,21384,88082,2929,841,3985,23
2020,Karimnagar,Maize,Kharif,28278,20828,2223,1072,2536,60
2020,Karimnagar,Maize,Rabi,48846,747,2817,877,3263,47
2020,Karimnagar,Sugarcane,Kharif,35401,31179,3184,1150,2236,64
2020,Karimnagar,Sugarcane,Rabi,14394,26233,4909,665,1723,78
2020,Karimnagar,Sugarcane,Summer,46493,96823,4076,736,274,76
2020,Karimnagar,Groundnut,Kharif,38903,19411,2750,822,1625,46
2020,Karimnagar,Groundnut,Rabi,46928,24304,4678,516,106,58
2020,Karimnagar,Soybean,Kharif,14249,55149,3331,646,2934,82
2020,Karimnagar,Soybean,Rabi,5002,50531,4713,945,4799,82
2020,Karimnagar,Soybean,Summer,27321,41644,1459,557,2665,67
2020,Karimnagar,Chili,Rabi,9721,31512,1179,937,4771,37
2020,Karimnagar,Turmeric,Summer,2179,1254,2841,990,416,70
2020,Karimnagar,Wheat,Kharif,46745,84626,841,748,2006,35
2020,Karimnagar,Wheat,Summer,44716,35808,3013,646,3799,89
2020,Khammam,Rice,Rabi,41572,56193,4758,1143,3826,25
2020,Khammam,Rice,Summer,29315,48157,4657,788,3444,57
2020,Khammam,Cotton,Kharif,26599,33578,4367,985,2581,69
2020,Khammam,Cotton,Summer,5284,22632,2905,480,2868,52
2020,Khammam,Maize,Kharif,26014,36576,2862,707,2749,38
2020,Khammam,Maize,Summer,5237,41468,961,1156,4752,87
2020,Khammam,Groundnut,Rabi,10499,90960,1685,1058,3642,42
2020,Khammam,Groundnut,Summer,41108,53962,4290,575,3194,62
2020,Khammam,Soybean,Kharif,6739,20069,2481,1167,1544,80
2020,Khammam,Soybean,Rabi,48672,43575,1014,862,3275,35
2020,Khammam,Sunflower,Kharif,10321,90356,2300,847,501,54
2020,Khammam,Sunflower,Rabi,45256,90574,4073,838,2209,52
2020,Khammam,Chili,Kharif,11786,73875,4556,571,1519,39
2020,Khammam,Chili,Rabi,9752,22239,4341,998,560,86
2020,Khammam,Chili,Summer,11949,34906,1568,488,3305,42
2020,Khammam,Turmeric,Kharif,22482,65366,4253,989,804,20
2020,Khammam,Turmeric,Rabi,47773,39843,1880,564,4554,35
2020,Khammam,Turmeric,Summer,45875,78096,1506,435,503,62
2020,Khammam,Wheat,Kharif,27702,2798,1282,892,3959,64
2020,Khammam,Wheat,Rabi,46160,43630,1293,629,3706,73
2020,Khammam,Wheat,Summer,12385,6478,1283,566,1654,33
2020,Adilabad,Rice,Kharif,45448,81323,1653,855,4281,68
2020,Adilabad,Rice,Rabi,25695,77439,1852,925,1657,64
2020,Adilabad,Cotton,Rabi,22048,71795,3619,901,4338,78
2020,Adilabad,Maize,Rabi,6429,75179,4652,502,3762,68
2020,Adilabad,Maize,Summer,4816,58339,1034,831,4559,83
2020,Adilabad,Sugarcane,Kharif,25993,52913,2825,1033,3909,31
2020,Adilabad,Sugarcane,Rabi,4786,55046,2306,920,1483,85
2020,Adilabad,Groundnut,Rabi,15070,15196,4155,692,3113,31
2020,Adilabad,Groundnut,Summer,4586,83647,1314,1071,4574,78
2020,Adilabad,Soybean,Rabi,42080,3441,1529,584,543,69
2020,Adilabad,Soybean,Summer,45475,10737,3895,1171,832,65
2020,Adilabad,Sunflower,Kharif,46086,3303,1054,854,4136,36
2020,Adilabad,Sunflower,Summer,36318,1258,1898,402,371,56
2020,Adilabad,Chili,Kharif,35111,99516,3109,658,4695,38
2020,Adilabad,Chili,Rabi,22516,63561,2503,1056,2755,32
2020,Adilabad,Chili,Summer,5084,58288,4231,914,2728,86
2020,Adilabad,Turmeric,Kharif,38088,86265,2645,910,955,61
2020,Adilabad,Turmeric,Rabi,17639,86767,3604,930,4241,28
2020,Adilabad,Turmeric,Summer,24544,1203,4985,1109,3928,53
2020,Adilabad,Wheat,Rabi,28023,46124,2118,527,1334,71
2020,Adilabad,Wheat,Summer,47538,47522,2699,674,3254,29
2020,Medak,Rice,Kharif,4797,79144,1471,782,1050,78
2020,Medak,Rice,Rabi,2760,755,1162,1129,431,46
2020,Medak,Cotton,Kharif,22769,93997,3421,1197,3707,42
2020,Medak,Cotton,Rabi,18511,47553,1133,1197,3668,80
2020,Medak,Cotton,Summer,41778,15049,1614,526,1384,84
2020,Medak,Maize,Rabi,9167,64527,4042,786,2394,59
2020,Medak,Maize,Summer,11889,87214,4688,401,4160,41
2020,Medak,Sugarcane,Kharif,3169,31844,4063,411,408,39
2020,Medak,Sugarcane,Rabi,5035,48881,4267,430,2900,69
2020,Medak,Sugarcane,Summer,48833,88443,2034,1123,1124,29
2020,Medak,Groundnut,Rabi,39284,27698,4688,789,2645,72
2020,Medak,Soybean,Kharif,22922,5177,911,1106,1873,33
2020,Medak,Sunflower,Rabi,2211,3773,2873,774,717,51
2020,Medak,Sunflower,Summer,23012,60490,3153,742,1262,85
2020,Medak,Chili,Rabi,28819,8127,4613,730,447,37
2020,Medak,Chili,Summer,36658,23253,3700,471,2486,60
2020,Medak,Turmeric,Kharif,8917,63744,1044,903,1178,80
2020,Rangareddy,Rice,Rabi,15542,70133,910,854,3545,66
2020,Rangareddy,Rice,Summer,20976,71052,3431,632,4120,61
2020,Rangareddy,Cotton,Kharif,8506,23413,1914,895,4429,77
2020,Rangareddy,Cotton,Rabi,40999,48269,2170,1088,1728,46
2020,Rangareddy,Cotton,Summer,9924,90742,4716,483,3432,45
2020,Rangareddy,Maize,Rabi,33885,88331,1287,1179,2486,35
2020,Rangareddy,Maize,Summer,13361,24414,2051,1074,551,51
2020,Rangareddy,Sugarcane,Kharif,11652,10644,4965,994,3163,70
2020,Rangareddy,Sugarcane,Rabi,43763,24259,4425,703,1035,40
2020,Rangareddy,Sugarcane,Summer,30309,63448,2258,1142,2133,78
2020,Rangareddy,Groundnut,Kharif,44945,99771,3252,801,4511,43
2020,Rangareddy,Groundnut,Rabi,13091,12830,4417,961,2230,63
2020,Rangareddy,Soybean,Kharif,22184,43874,2645,838,1276,39
2020,Rangareddy,Soybean,Summer,17925,80760,1683,870,2990,24
2020,Rangareddy,Sunflower,Kharif,30890,57606,2320,684,2808,28
2020,Rangareddy,Sunflower,Rabi,28313,26441,1567,725,1982,55
2020,Rangareddy,Sunflower,Summer,11819,17970,4389,470,2515,35
2020,Rangareddy,Chili,Kharif,41473,13218,4084,772,601,79
2020,Rangareddy,Chili,Rabi,15823,90257,4200,1158,3822,44
2020,Rangareddy,Turmeric,Kharif,13300,33615,2673,627,2015,46
2020,Rangareddy,Turmeric,Summer,33910,71101,3100,475,3540,36
2020,Rangareddy,Wheat,Kharif,23530,9567,3747,462,4672,21
2020,Rangareddy,Wheat,Rabi,15560,16226,4957,517,4786,74
2020,Rangareddy,Wheat,Summer,16805,18542,1079,1193,1578,52
2020,Mahbubnagar,Rice,Kharif,8393,51520,2282,787,2561,69
2020,Mahbubnagar,Rice,Rabi,8991,35752,3663,535,4975,72
2020,Mahbubnagar,Cotton,Summer,2268,17781,4078,564,552,39
2020,Mahbubnagar,Maize,Kharif,9247,53419,1628,937,1712,52
2020,Mahbubnagar,Maize,Rabi,45264,9309,2976,691,2956,65
2020,Mahbubnagar,Maize,Summer,23153,8229,2523,835,1485,56
2020,Mahbubnagar,Groundnut,Kharif,46167,14010,2233,1181,495,24
2020,Mahbubnagar,Groundnut,Rabi,44011,68144,4223,770,3019,36
2020,Mahbubnagar,Soybean,Rabi,46835,56202,4717,1008,1488,59
2020,Mahbubnagar,Sunflower,Rabi,29583,17375,2032,476,803,81
2020,Mahbubnagar,Chili,Kharif,23356,18749,1642,414,4839,74
2020,Mahbubnagar,Chili,Summer,35064,72567,2903,738,4057,43
2020,Mahbubnagar,Turmeric,Kharif,26345,92967,3669,803,732,59
2020,Mahbubnagar,Turmeric,Rabi,36593,82082,1268,1032,279,48
2020,Mahbubnagar,Turmeric,Summer,36252,57389,1901,1194,2835,86
2020,Mahbubnagar,Wheat,Kharif,25097,12885,1927,633,642,75
2020,Mahbubnagar,Wheat,Rabi,2625,54645,4921,858,881,54
2020,Mahbubnagar,Wheat,Summer,9328,48591,1001,1028,1386,45
2020,Nalgonda,Rice,Kharif,42293,75746,4287,975,3430,50
2020,Nalgonda,Rice,Rabi,48991,56709,4301,526,2013,53
2020,Nalgonda,Cotton,Kharif,6955,81431,2383,919,2568,52
2020,Nalgonda,Cotton,Rabi,47526,56135,3323,953,2959,78
2020,Nalgonda,Cotton,Summer,28460,76187,4170,406,288,35
2020,Nalgonda,Maize,Kharif,16457,80734,4457,738,4888,30
2020,Nalgonda,Maize,Rabi,36925,52253,1792,1083,4300,28
2020,Nalgonda,Maize,Summer,31155,99575,4793,1151,1984,81
2020,Nalgonda,Sugarcane,Kharif,41931,59000,4564,892,4174,22
2020,Nalgonda,Sugarcane,Rabi,32118,33423,3458,495,643,76
2020,Nalgonda,Sugarcane,Summer,1624,28835,4079,467,3810,71
2020,Nalgonda,Groundnut,Kharif,45515,34516,3899,636,1798,20
2020,Nalgonda,Groundnut,Summer,37489,15675,2771,1086,4245,55
2020,Nalgonda,Soybean,Rabi,10755,13920,3011,430,783,69
2020,Nalgonda,Soybean,Summer,10506,76119,3136,1090,1236,50
2020,Nalgonda,Sunflower,Kharif,10982,6618,4684,1033,2762,22
2020,Nalgonda,Sunflower,Rabi,5462,15258,2812,855,474,32
2020,Nalgonda,Chili,Kharif,48977,70735,2786,1038,703,42
2020,Nalgonda,Chili,Rabi,20505,89896,3633,812,2094,82
2020,Nalgonda,Chili,Summer,1008,9475,3042,1175,3132,21
2020,Nalgonda,Turmeric,Kharif,15080,69514,874,845,3595,83
2020,Nalgonda,Turmeric,Rabi,45184,64688,4573,802,2412,44
2020,Nalgonda,Turmeric,Summer,29507,65088,4073,897,3661,63
2020,Nalgonda,Wheat,Kharif,42424,91813,1258,454,2463,76
2020,Nalgonda,Wheat,Rabi,8925,46759,2213,682,1781,46
2021,Hyderabad,Rice,Summer,16989,22389,1510,631,4810,89
2021,Hyderabad,Maize,Rabi,43505,76681,2260,734,2042,28
2021,Hyderabad,Maize,Summer,49949,65859,1272,925,954,40
2021,Hyderabad,Sugarcane,Kharif,34995,19186,1307,812,2296,64
2021,Hyderabad,Sugarcane,Rabi,28068,62097,1103,578,4937,52
2021,Hyderabad,Sugarcane,Summer,3676,36047,1890,654,1109,43
2021,Hyderabad,Groundnut,Kharif,13979,70132,4561,805,4600,78
2021,Hyderabad,Groundnut,Summer,10153,63999,2661,914,1314,56
2021,Hyderabad,Soybean,Kharif,11097,93537,4810,814,1714,64
2021,Hyderabad,Soybean,Summer,20450,1167,1433,832,847,31
2021,Hyderabad,Sunflower,Kharif,39747,21349,2446,1108,2966,21
2021,Hyderabad,Sunflower,Rabi,22099,39448,3053,408,556,30
2021,Hyderabad,Sunflower,Summer,28417,3178,4066,438,3682,57
2021,Hyderabad,Chili,Kharif,37904,4964,1596,1070,768,32
2021,Hyderabad,Chili,Summer,19426,93435,4836,917,717,35
2021,Hyderabad,Turmeric,Kharif,12052,54726,1393,452,4890,89
2021,Hyderabad,Wheat,Summer,2654,47937,4811,1159,944,70
2021,Warangal,Cotton,Kharif,30843,54998,1882,627,2796,38
2021,Warangal,Cotton,Summer,28537,52414,3970,717,1289,88
2021,Warangal,Maize,Rabi,44019,61930,2678,1150,4080,79
2021,Warangal,Maize,Summer,29554,63710,2683,904,1959,24
2021,Warangal,Sugarcane,Rabi,10032,56481,1781,444,988,47
2021,Warangal,Sugarcane,Summer,39185,3267,3207,543,2095,46
2021,Warangal,Groundnut,Kharif,1600,77570,4249,548,689,32
2021,Warangal,Groundnut,Rabi,23625,41478,3971,417,3752,36
2021,Warangal,Soybean,Kharif,24942,16450,3347,862,3070,85
2021,Warangal,Soybean,Summer,40721,13267,2432,432,1917,47
2021,Warangal,Sunflower,Rabi,37574,30105,1369,565,1639,44
2021,Warangal,Sunflower,Summer,48403,79296,4902,410,269,27
2021,Warangal,Chili,Kharif,25576,28202,1082,963,2686,29
2021,Warangal,Chili,Rabi,8687,64003,3235,1133,4332,76
2021,Warangal,Turmeric,Kharif,47941,82808,4195,1040,2759,72
2021,Warangal,Turmeric,Rabi,7193,1196,2288,1185,3154,47
2021,Warangal,Turmeric,Summer,48702,21638,4398,901,4420,70
2021,Warangal,Wheat,Kharif,47926,46921,3253,898,858,46
2021,Warangal,Wheat,Rabi,21408,59434,2448,1132,474,90
2021,Warangal,Wheat,Summer,3182,9954,2852,987,4622,63
2021,Nizamabad,Rice,Kharif,14901,22778,2808,1128,1050,26
2021,Nizamabad,Rice,Rabi,35072,21064,2881,577,2703,35
2021,Nizamabad,Rice,Summer,45852,35735,4999,997,3953,50
2021,Nizamabad,Cotton,Kharif,28234,49982,2087,1132,2411,44
2021,Nizamabad,Cotton,Summer,31407,76069,3216,1057,1930,42
2021,Nizamabad,Maize,Rabi,10414,71762,1845,1045,1092,42
2021,Nizamabad,Maize,Summer,37006,85301,3904,925,1131,64
2021,Nizamabad,Sugarcane,Rabi,42572,7266,1576,724,4497,61
2021,Nizamabad,Sugarcane,Summer,22117,25300,958,841,3815,82
2021,Nizamabad,Groundnut,Rabi,6480,8335,1868,1004,4088,56
2021,Nizamabad,Groundnut,Summer,43324,54710,2149,501,3767,28
2021,Nizamabad,Soybean,Kharif,2121,10753,1899,1078,2867,47
2021,Nizamabad,Soybean,Rabi,36450,56849,1256,665,2597,54
2021,Nizamabad,Soybean,Summer,26669,48528,960,1012,897,61
2021,Nizamabad,Sunflower,Rabi,47508,33804,2199,1194,3214,34
2021,Nizamabad,Sunflower,Summer,19347,74557,3940,706,2995,87
2021,Nizamabad,Chili,Rabi,13827,45226,3037,472,681,31
2021,Nizamabad,Chili,Summer,39439,22586,4984,489,1331,65
2021,Nizamabad,Turmeric,Summer,42824,70069,1106,441,924,47
2021,Nizamabad,Wheat,Kharif,23080,29669,4941,1061,270,50
2021,Nizamabad,Wheat,Rabi,26376,98664,1631,1121,772,69
2021,Nizamabad,Wheat,Summer,38452,84826,3693,1077,847,37
2021,Karimnagar,Rice,Kharif,28394,49302,3275,544,3863,48
2021,Karimnagar,Rice,Summer,45095,81492,4129,1091,2332,62
2021,Karimnagar,Cotton,Kharif,2097,67226,3264,1108,2337,39
2021,Karimnagar,Cotton,Summer,10289,77609,1494,1182,3281,88
2021,Karimnagar,Sugarcane,Kharif,13567,21080,2147,540,1623,26
2021,Karimnagar,Groundnut,Kharif,45186,35520,3833,935,4034,71
2021,Karimnagar,Groundnut,Rabi,23088,49461,1989,954,359,78
2021,Karimnagar,Groundnut,Summer,30839,12481,3587,631,2527,69
2021,Karimnagar,Soybean,Kharif,30088,51066,3906,1029,2935,58
2021,Karimnagar,Sunflower,Summer,48821,10456,2370,853,4540,39
2021,Karimnagar,Chili,Kharif,7515,97029,3068,435,2640,65
2021,Karimnagar,Chili,Rabi,3238,5576,3473,746,3750,54
2021,Karimnagar,Chili,Summer,12006,46649,941,1116,2260,53
2021,Karimnagar,Turmeric,Kharif,12983,39149,3505,761,2817,60
2021,Karimnagar,Turmeric,Rabi,2865,11321,4694,583,2000,59
2021,Karimnagar,Turmeric,Summer,3233,72627,3614,904,192,46
2021,Karimnagar,Wheat,Summer,21577,35354,2202,515,3559,90
2021,Khammam,Rice,Kharif,48233,19264,1862,982,4828,44
2021,Khammam,Rice,Rabi,41053,54826,4587,691,3777,89
2021,Khammam,Rice,Summer,42073,4800,4530,508,1021,77
2021,Khammam,Maize,Kharif,12211,69824,4429,643,3154,59
2021,Khammam,Maize,Summer,18687,64725,4059,887,3349,44
2021,Khammam,Sugarcane,Kharif,29395,23265,2347,1077,4429,66
2021,Khammam,Groundnut,Kharif,15563,8938,3791,540,2129,81
2021,Khammam,Groundnut,Rabi,7699,93190,3004,753,2520,39
2021,Khammam,Groundnut,Summer,23833,86983,2516,579,2625,46
2021,Khammam,Soybean,Kharif,16105,50235,2170,648,2145,82
2021,Khammam,Soybean,Rabi,13259,80191,3179,623,3645,41
2021,Khammam,Soybean,Summer,17394,24123,3539,688,2447,87
2021,Khammam,Sunflower,Kharif,25048,95818,1182,509,2474,43
2021,Khammam,Sunflower,Rabi,6203,66872,3184,870,1698,86
2021,Khammam,Chili,Kharif,16339,41884,1020,432,2161,53
2021,Khammam,Chili,Rabi,28264,92171,967,888,2720,58
2021,Khammam,Chili,Summer,13378,70981,3174,493,4311,24
2021,Khammam,Turmeric,Kharif,16099,79508,2727,896,4529,71
2021,Khammam,Turmeric,Rabi,19879,9004,2323,747,3332,66
2021,Khammam,Turmeric,Summer,44063,69476,4136,744,2557,68
2021,Khammam,Wheat,Rabi,46608,20009,2191,1196,4618,39
2021,Adilabad,Cotton,Kharif,19710,94726,2982,595,1765,54
2021,Adilabad,Cotton,Rabi,46440,7766,1093,1074,366,58
2021,Adilabad,Maize,Rabi,33901,58146,2633,490,3200,61
2021,Adilabad,Sugarcane,Kharif,19482,97285,1550,946,1810,60
2021,Adilabad,Sugarcane,Rabi,24668,71213,2224,1114,3450,65
2021,Adilabad,Sugarcane,Summer,23515,29309,859,707,2861,58
2021,Adilabad,Groundnut,Kharif,10193,71830,3911,448,4249,62
2021,Adilabad,Groundnut,Summer,23991,11961,1160,1022,193,85
2021,Adilabad,Soybean,Rabi,21569,44138,2086,1019,1363,65
2021,Adilabad,Soybean,Summer,46768,79185,4516,772,653,51
2021,Adilabad,Sunflower,Summer,44657,62902,4180,1150,1572,80
2021,Adilabad,Chili,Rabi,37673,65219,3414,420,4683,71
2021,Adilabad,Chili,Summer,19751,42784,4474,556,1478,47
2021,Adilabad,Turmeric,Kharif,41450,50545,2209,1011,2207,38
2021,Adilabad,Turmeric,Summer,15558,75722,2415,545,4230,67
2021,Adilabad,Wheat,Kharif,13433,13446,1405,852,658,51
2021,Adilabad,Wheat,Summer,47732,35455,2723,716,2996,49
2021,Medak,Rice,Kharif,26623,67003,4526,515,3170,78
2021,Medak,Rice,Rabi,11141,54315,4623,549,284,20
2021,Medak,Rice,Summer,37722,83763,3925,548,2102,63
2021,Medak,Cotton,Rabi,36064,59689,4345,655,100,31
2021,Medak,Cotton,Summer,20408,75670,3508,429,4680,87
2021,Medak,Maize,Kharif,31591,7157,3134,571,2610,47
2021,Medak,Maize,Rabi,47335,40636,1668,697,1478,27
2021,Medak,Sugarcane,Rabi,4287,46883,4207,1163,4015,69
2021,Medak,Sugarcane,Summer,20771,90073,2728,963,3068,63
2021,Medak,Groundnut,Kharif,4696,1784,2919,589,2718,41
2021,Medak,Soybean,Rabi,39827,41678,4696,669,3891,85
2021,Medak,Sunflower,Kharif,20477,9866,1160,723,1850,68
2021,Medak,Sunflower,Summer,14398,29309,943,405,1970,21
2021,Medak,Chili,Kharif,45755,83449,2227,748,1194,87
2021,Medak,Chili,Rabi,33523,7211,2638,1100,777,36
2021,Medak,Chili,Summer,13883,89020,1451,965,362,20
2021,Medak,Turmeric,Kharif,30772,44277,4823,465,905,42
2021,Medak,Turmeric,Rabi,33994,71853,4559,774,2491,26
2021,Medak,Turmeric,Summer,19611,54653,2063,1015,660,22
2021,Medak,Wheat,Kharif,37404,55669,4223,928,4421,38
2021,Medak,Wheat,Rabi,12523,70724,4803,513,3282,41
2021,Medak,Wheat,Summer,22342,65303,2821,740,386,35
2021,Rangareddy,Rice,Kharif,10710,54539,2772,805,3682,60
2021,Rangareddy,Rice,Rabi,47632,24134,857,745,411,60
2021,Rangareddy,Rice,Summer,38227,70903,4416,619,4616,81
2021,Rangareddy,Cotton,Kharif,13303,15006,4999,1052,586,82
2021,Rangareddy,Cotton,Rabi,38744,36503,1398,789,1305,56
2021,Rangareddy,Cotton,Summer,48754,82571,4088,929,1118,61
2021,Rangareddy,Maize,Kharif,18651,56438,2794,1073,3818,45
2021,Rangareddy,Maize,Rabi,30375,71046,5000,516,394,79
2021,Rangareddy,Maize,Summer,13468,13567,2838,1190,3789,25
2021,Rangareddy,Sugarcane,Summer,49784,42808,1661,628,2353,82
2021,Rangareddy,Groundnut,Rabi,42939,6816,2801,810,3957,57
2021,Rangareddy,Groundnut,Summer,4497,84761,4173,426,3151,34
2021,Rangareddy,Soybean,Kharif,27336,43117,2909,448,3960,70
2021,Rangareddy,Sunflower,Kharif,6170,88702,4575,767,4461,38
2021,Rangareddy,Sunflower,Rabi,47728,38901,4194,752,1533,79
2021,Rangareddy,Sunflower,Summer,21139,75015,1213,1091,3459,47
2021,Rangareddy,Chili,Kharif,15225,6184,3315,449,3017,30
2021,Rangareddy,Chili,Summer,17385,90302,3704,801,4738,48
2021,Rangareddy,Turmeric,Kharif,1801,53433,4989,557,3664,43
2021,Rangareddy,Turmeric,Rabi,46799,30904,2935,406,244,55
2021,Rangareddy,Wheat,Rabi,31772,96639,2024,1188,4102,70
2021,Rangareddy,Wheat,Summer,4406,35235,2091,921,220,52
2021,Mahbubnagar,Rice,Kharif,39718,16246,3184,1118,3937,51
2021,Mahbubnagar,Rice,Summer,27735,61114,1893,935,3671,75
2021,Mahbubnagar,Cotton,Rabi,44242,33078,4218,431,3309,80
2021,Mahbubnagar,Cotton,Summer,6549,17036,3379,403,387,24
2021,Mahbubnagar,Maize,Kharif,25925,21549,3958,742,720,75
2021,Mahbubnagar,Maize,Rabi,31749,84427,2017,1056,588,76
2021,Mahbubnagar,Maize,Summer,36870,32613,4364,421,2752,63
2021,Mahbubnagar,Sugarcane,Rabi,15633,45310,3513,692,2617,47
2021,Mahbubnagar,Sugarcane,Summer,27363,32113,1277,1085,3098,54
2021,Mahbubnagar,Soybean,Summer,36816,36217,2844,770,166,45
2021,Mahbubnagar,Sunflower,Kharif,40124,8060,4607,613,1613,69
2021,Mahbubnagar,Sunflower,Rabi,39481,89020,4118,1081,2860,34
2021,Mahbubnagar,Sunflower,Summer,4864,62152,1451,648,3957,21
2021,Mahbubnagar,Turmeric,Kharif,11554,79818,1595,974,2780,21
2021,Mahbubnagar,Turmeric,Rabi,30373,16497,3012,831,3027,43
2021,Mahbubnagar,Wheat,Kharif,36942,22011,3853,553,4388,33
2021,Mahbubnagar,Wheat,Summer,5817,69990,4041,1196,530,89
2021,Nalgonda,Rice,Rabi,45340,33565,3725,970,2072,47
2021,Nalgonda,Rice,Summer,34807,46620,1394,1150,183,29
2021,Nalgonda,Cotton,Summer,38711,5295,4048,746,642,26
2021,Nalgonda,Maize,Kharif,49260,4201,1845,886,3812,80
2021,Nalgonda,Maize,Rabi,29954,571,3838,941,2038,36
2021,Nalgonda,Maize,Summer,15395,56084,3549,805,3640,32
2021,Nalgonda,Sugarcane,Rabi,1975,60714,4222,415,4454,63
2021,Nalgonda,Groundnut,Kharif,36768,19742,1558,1077,2719,43
2021,Nalgonda,Soybean,Kharif,13224,48279,2862,819,2311,47
2021,Nalgonda,Soybean,Rabi,32482,54157,1726,998,2837,33
2021,Nalgonda,Soybean,Summer,41102,83980,2954,796,729,39
2021,Nalgonda,Sunflower,Kharif,3471,2931,1818,609,4764,61
2021,Nalgonda,Sunflower,Summer,42185,61731,3497,835,4138,59
2021,Nalgonda,Chili,Kharif,44858,75566,2420,907,2940,89
2021,Nalgonda,Chili,Rabi,19088,99915,3462,1116,1870,41
2021,Nalgonda,Turmeric,Rabi,6855,45725,1034,451,3756,75
2021,Nalgonda,Turmeric,Summer,40147,58059,3848,679,504,67
2021,Nalgonda,Wheat,Kharif,20256,45457,3868,554,107,48
2022,Hyderabad,Cotton,Kharif,11539,34066,1013,811,2768,75
2022,Hyderabad,Cotton,Summer,20509,32866,3782,919,182,78
2022,Hyderabad,Maize,Kharif,41806,24561,3230,603,3839,62
2022,Hyderabad,Maize,Rabi,20983,6521,3108,750,3386,47
2022,Hyderabad,Maize,Summer,7129,47390,4336,1025,912,78
2022,Hyderabad,Sugarcane,Kharif,9066,28952,3762,478,3990,87
2022,Hyderabad,Sugarcane,Rabi,17924,5577,1490,682,3006,88
2022,Hyderabad,Sugarcane,Summer,11850,74475,2598,1040,3117,22
2022,Hyderabad,Groundnut,Kharif,1458,20705,1400,969,3913,60
2022,Hyderabad,Groundnut,Rabi,30484,12056,2696,618,1469,54
2022,Hyderabad,Groundnut,Summer,32025,88077,3536,717,2701,29
2022,Hyderabad,Soybean,Rabi,26771,67560,3181,865,542,40
2022,Hyderabad,Soybean,Summer,49271,86999,4198,859,1753,31
2022,Hyderabad,Sunflower,Kharif,47871,53667,3515,1148,448,59
2022,Hyderabad,Sunflower,Rabi,30526,46253,3204,1127,4675,47
2022,Hyderabad,Sunflower,Summer,35356,24575,4670,796,4183,79
2022,Hyderabad,Chili,Kharif,38289,54998,3333,403,2816,65
2022,Hyderabad,Chili,Rabi,38503,57825,2018,1111,2984,43
2022,Hyderabad,Turmeric,Kharif,27818,15419,1533,527,3563,33
2022,Hyderabad,Wheat,Kharif,48484,67792,2622,1144,2660,81
2022,Hyderabad,Wheat,Rabi,3750,27543,3974,456,3314,29
2022,Warangal,Rice,Summer,45591,67064,1340,1126,2972,79
2022,Warangal,Cotton,Rabi,20480,84449,2210,969,4416,70
2022,Warangal,Cotton,Summer,20239,57267,3161,603,2001,57
2022,Warangal,Maize,Kharif,45791,43951,1840,1164,4793,37
2022,Warangal,Sugarcane,Kharif,17426,18613,808,1093,1461,48
2022,Warangal,Sugarcane,Rabi,20072,42592,4889,918,4981,90
2022,Warangal,Sugarcane,Summer,23661,91153,1113,418,3357,65
2022,Warangal,Groundnut,Kharif,41471,72016,3755,650,4791,32
2022,Warangal,Groundnut,Summer,46676,57997,3136,534,3499,41
2022,Warangal,Soybean,Kharif,38085,39380,4895,998,4196,40
2022,Warangal,Soybean,Rabi,5862,46535,1223,603,1130,48
2022,Warangal,Soybean,Summer,48888,60677,881,1162,210,21
2022,Warangal,Sunflower,Kharif,22428,99139,1947,938,843,21
2022,Warangal,Sunflower,Rabi,43103,31290,1210,859,1817,28
2022,Warangal,Chili,Kharif,8044,96639,3240,1197,4358,89
2022,Warangal,Chili,Summer,49465,79485,2970,599,1299,82
2022,Warangal,Turmeric,Kharif,48840,64843,4066,1054,2284,56
2022,Warangal,Turmeric,Rabi,12219,47520,1258,970,1292,41
2022,Warangal,Wheat,Kharif,33782,19580,1383,490,3026,89
2022,Warangal,Wheat,Summer,2791,9810,1990,985,3667,69
2022,Nizamabad,Rice,Kharif,33793,96670,3330,1024,2441,25
2022,Nizamabad,Rice,Rabi,16480,21012,1489,1092,1196,40
2022,Nizamabad,Cotton,Kharif,3727,86468,4572,948,4552,88
2022,Nizamabad,Cotton,Rabi,15692,96231,3189,1035,4719,24
2022,Nizamabad,Cotton,Summer,42331,65200,3705,681,467,79
2022,Nizamabad,Maize,Kharif,16088,42714,4799,471,4470,45
2022,Nizamabad,Maize,Rabi,22141,24951,1507,782,1190,51
2022,Nizamabad,Groundnut,Kharif,18048,17639,2269,650,773,51
2022,Nizamabad,Groundnut,Rabi,2338,20732,4389,1071,3202,85
2022,Nizamabad,Groundnut,Summer,40246,47437,1521,1103,2173,48
2022,Nizamabad,Soybean,Kharif,14173,84429,884,767,200,22
2022,Nizamabad,Soybean,Rabi,43279,37573,872,723,1020,39
2022,Nizamabad,Soybean,Summer,7963,43839,2438,424,2189,70
2022,Nizamabad,Chili,Rabi,34468,91086,3816,689,600,31
2022,Nizamabad,Turmeric,Kharif,16103,47373,4749,459,691,85
2022,Nizamabad,Turmeric,Rabi,3680,84619,4068,641,2632,53
2022,Nizamabad,Wheat,Kharif,31549,65689,4059,528,647,61
2022,Nizamabad,Wheat,Rabi,17390,17262,1219,515,721,27
2022,Karimnagar,Rice,Summer,39693,55968,2332,1003,2025,86
2022,Karimnagar,Cotton,Rabi,4661,63429,2002,1151,123,44
2022,Karimnagar,Cotton,Summer,31333,53072,4362,472,3743,37
2022,Karimnagar,Maize,Summer,11407,13980,2817,1087,1191,80
2022,Karimnagar,Sugarcane,Kharif,31211,82896,1827,768,258,39
2022,Karimnagar,Sugarcane,Rabi,22026,58703,4931,776,4184,38
2022,Karimnagar,Groundnut,Rabi,17253,80036,2268,930,4931,65
2022,Karimnagar,Groundnut,Summer,18652,99436,2217,1189,1377,41
2022,Karimnagar,Soybean,Rabi,31509,40427,2377,746,1295,65
2022,Karimnagar,Sunflower,Kharif,13247,68963,3818,498,4086,44
2022,Karimnagar,Sunflower,Rabi,35836,24284,836,1157,4605,67
2022,Karimnagar,Chili,Kharif,24149,52380,2180,648,1737,78
2022,Karimnagar,Chili,Summer,28540,72264,1621,844,4458,77
2022,Karimnagar,Turmeric,Rabi,43361,40178,4222,912,4795,26
2022,Karimnagar,Turmeric,Summer,38743,13430,4731,653,1053,48
2022,Karimnagar,Wheat,Rabi,16288,24208,1743,1031,511,46
2022,Khammam,Rice,Rabi,9246,53824,825,988,1082,49
2022,Khammam,Rice,Summer,44358,3504,4192,1091,1445,56
2022,Khammam,Cotton,Rabi,21899,55738,1032,704,4513,51
2022,Khammam,Maize,Kharif,9813,41634,2461,838,2947,35
2022,Khammam,Maize,Summer,24393,61246,1313,931,4746,26
2022,Khammam,Sugarcane,Kharif,41710,81388,2673,1088,4341,83
2022,Khammam,Sugarcane,Summer,37556,35625,2945,812,1564,59
2022,Khammam,Groundnut,Kharif,39235,38437,3447,1163,4751,62
2022,Khammam,Groundnut,Rabi,32187,35050,3739,891,2993,77
2022,Khammam,Groundnut,Summer,44432,86613,2651,625,2125,63
2022,Khammam,Soybean,Kharif,16158,79343,3715,453,519,22
2022,Khammam,Soybean,Rabi,27065,77913,1745,531,4211,20
2022,Khammam,Sunflower,Kharif,40548,13053,3506,584,1538,46
2022,Khammam,Sunflower,Rabi,39311,74133,4861,1086,1401,78
2022,Khammam,Sunflower,Summer,39815,11105,1719,1022,1426,50
2022,Khammam,Chili,Kharif,4997,52111,3977,971,4822,29
2022,Khammam,Chili,Rabi,20690,25938,3101,1023,2105,44
2022,Khammam,Chili,Summer,48334,62263,3105,660,1249,80
2022,Khammam,Turmeric,Kharif,46224,61900,2887,706,2622,42
2022,Khammam,Turmeric,Rabi,4273,23988,4522,818,2907,82
2022,Khammam,Turmeric,Summer,34368,73930,1252,1105,3426,47
2022,Khammam,Wheat,Kharif,12043,95048,3101,969,4026,56
2022,Khammam,Wheat,Rabi,4882,80503,4453,684,3011,27
2022,Khammam,Wheat,Summer,43127,87280,3484,1091,4152,89
2022,Adilabad,Rice,Kharif,42292,64511,2594,867,4179,62
2022,Adilabad,Rice,Rabi,45643,53530,4840,516,611,26
2022,Adilabad,Rice,Summer,45403,82974,4738,518,3459,55
2022,Adilabad,Cotton,Rabi,49516,86600,4648,896,1449,56
2022,Adilabad,Cotton,Summer,27378,98657,1755,1018,4609,37
2022,Adilabad,Maize,Kharif,40820,88396,3788,1057,1720,71
2022,Adilabad,Maize,Summer,42000,89809,2346,536,3160,69
2022,Adilabad,Sugarcane,Kharif,30814,55016,3572,637,1889,45
2022,Adilabad,Sugarcane,Rabi,15000,51186,4425,900,4919,50
2022,Adilabad,Sugarcane,Summer,27532,82341,4063,982,4390,60
2022,Adilabad,Soybean,Kharif,48780,24969,2999,670,4714,29
2022,Adilabad,Soybean,Rabi,45418,5944,3526,962,1164,32
2022,Adilabad,Soybean,Summer,17380,47412,2146,831,1708,78
2022,Adilabad,Sunflower,Kharif,13749,99059,1069,911,1610,61
2022,Adilabad,Sunflower,Rabi,22108,65394,1517,817,1333,72
2022,Adilabad,Chili,Kharif,12855,22326,1955,975,1216,76
2022,Adilabad,Chili,Rabi,41949,25954,986,740,1005,32
2022,Adilabad,Turmeric,Kharif,1618,35604,4157,500,2139,47
2022,Adilabad,Turmeric,Rabi,7301,4941,4579,1143,1258,20
2022,Adilabad,Turmeric,Summer,14501,10210,2926,534,306,47
2022,Adilabad,Wheat,Kharif,33161,69703,1005,585,436,41
2022,Adilabad,Wheat,Rabi,37061,85184,3163,1033,4025,32
2022,Adilabad,Wheat,Summer,25588,99671,4342,746,543,73
2022,Medak,Rice,Kharif,38699,11564,4652,421,3131,22
2022,Medak,Rice,Rabi,47340,1254,2190,960,244,46
2022,Medak,Rice,Summer,31174,82067,1261,427,2682,58
2022,Medak,Cotton,Rabi,24293,45793,3316,563,2101,82
2022,Medak,Cotton,Summer,3304,86702,3255,797,2127,32
2022,Medak,Maize,Kharif,2254,96650,2840,1043,3277,20
2022,Medak,Sugarcane,Kharif,40749,92395,2029,771,1604,44
2022,Medak,Sugarcane,Summer,45697,56014,2843,484,3897,32
2022,Medak,Groundnut,Kharif,11407,63828,4681,847,1309,29
2022,Medak,Groundnut,Rabi,32774,30881,4825,1042,1335,67
2022,Medak,Groundnut,Summer,29284,95700,2434,890,2272,22
2022,Medak,Soybean,Summer,46839,11440,3773,999,3342,76
2022,Medak,Sunflower,Kharif,44307,42941,1679,868,3633,60
2022,Medak,Sunflower,Rabi,24814,79967,4046,608,523,49
2022,Medak,Sunflower,Summer,49270,86267,2792,577,4681,75
2022,Medak,Chili,Rabi,8477,78515,1517,709,2781,88
2022,Medak,Turmeric,Kharif,33941,40907,4126,512,570,31
2022,Medak,Wheat,Rabi,16360,8413,3326,1190,449,31
2022,Medak,Wheat,Summer,25348,89237,3546,481,4210,21
2022,Rangareddy,Rice,Kharif,32130,26977,2273,658,330,86
2022,Rangareddy,Rice,Rabi,11921,49223,2563,777,4378,37
2022,Rangareddy,Rice,Summer,3703,44152,3684,1174,4560,84
2022,Rangareddy,Cotton,Rabi,37469,4139,2273,1045,1524,47
2022,Rangareddy,Maize,Rabi,20083,75986,3851,988,1039,30
2022,Rangareddy,Maize,Summer,48456,22391,1968,856,2788,37
2022,Rangareddy,Sugarcane,Kharif,10238,4464,3695,1162,2017,74
2022,Rangareddy,Sugarcane,Rabi,8180,81862,2593,431,1297,34
2022,Rangareddy,Sugarcane,Summer,6881,7680,4528,1175,3179,54
2022,Rangareddy,Groundnut,Kharif,12421,49979,911,469,2977,82
2022,Rangareddy,Groundnut,Summer,14985,8345,3605,1151,3685,77
2022,Rangareddy,Soybean,Summer,29457,96756,3538,550,1050,69
2022,Rangareddy,Sunflower,Kharif,12696,77524,4840,808,4630,47
2022,Rangareddy,Sunflower,Rabi,40856,34865,4250,763,2032,77
2022,Rangareddy,Sunflower,Summer,36240,3552,3225,586,4630,38
2022,Rangareddy,Chili,Kharif,24592,27644,4394,706,2478,41
2022,Rangareddy,Chili,Summer,1403,82634,2780,540,1815,70
2022,Rangareddy,Turmeric,Kharif,31761,9259,888,830,4909,75
2022,Rangareddy,Turmeric,Rabi,48334,21001,3011,1168,2153,24
2022,Rangareddy,Turmeric,Summer,39870,33930,4902,927,1969,65
2022,Rangareddy,Wheat,Kharif,7993,13953,1957,925,3936,54
2022,Rangareddy,Wheat,Summer,7965,54281,3742,968,948,77
2022,Mahbubnagar,Rice,Rabi,30220,52185,894,691,4303,77
2022,Mahbubnagar,Cotton,Summer,27885,50507,4380,746,2070,71
2022,Mahbubnagar,Maize,Kharif,6859,39743,4121,734,2543,60
2022,Mahbubnagar,Maize,Rabi,16156,13123,3929,649,4070,50
2022,Mahbubnagar,Maize,Summer,46824,37712,2910,814,1686,28
2022,Mahbubnagar,Sugarcane,Kharif,2602,66806,3178,975,3488,49
2022,Mahbubnagar,Sugarcane,Rabi,33366,8766,949,1051,3425,65
2022,Mahbubnagar,Sugarcane,Summer,18212,11190,3895,1020,2737,34
2022,Mahbubnagar,Groundnut,Kharif,28682,81322,2040,500,478,75
2022,Mahbubnagar,Groundnut,Summer,36401,2326,1756,1015,164,32
2022,Mahbubnagar,Soybean,Rabi,31172,45812,1093,455,2992,49
2022,Mahbubnagar,Soybean,Summer,1753,88279,5000,434,3839,43
2022,Mahbubnagar,Sunflower,Rabi,5264,76078,3966,692,4563,78
2022,Mahbubnagar,Sunflower,Summer,2554,23100,1072,571,2132,72
2022,Mahbubnagar,Chili,Kharif,13953,86143,2489,989,2800,90
2022,Mahbubnagar,Chili,Rabi,14909,96763,4817,1161,1655,20
2022,Mahbubnagar,Turmeric,Rabi,20304,45847,1392,403,3307,36
2022,Mahbubnagar,Turmeric,Summer,31550,79825,2517,1105,2191,77
2022,Mahbubnagar,Wheat,Rabi,11840,78112,1485,973,3473,63
2022,Nalgonda,Rice,Kharif,16656,41091,816,1061,4171,53
2022,Nalgonda,Rice,Rabi,31314,43438,2739,670,909,79
2022,Nalgonda,Rice,Summer,46924,34659,2079,572,4829,61
2022,Nalgonda,Cotton,Kharif,43317,37481,1346,768,1451,33
2022,Nalgonda,Cotton,Rabi,19020,50782,4565,813,4463,56
2022,Nalgonda,Maize,Kharif,14868,84412,885,1015,1987,84
2022,Nalgonda,Sugarcane,Kharif,23823,4637,2173,1048,2403,40
2022,Nalgonda,Sugarcane,Summer,48845,69306,1541,774,1970,78
2022,Nalgonda,Groundnut,Kharif,42982,91041,4179,959,1479,73
2022,Nalgonda,Groundnut,Rabi,8723,34811,4062,462,2723,69
2022,Nalgonda,Groundnut,Summer,34017,71625,4379,679,3355,82
2022,Nalgonda,Soybean,Kharif,11900,69331,2937,824,675,71
2022,Nalgonda,Soybean,Rabi,38789,98821,1987,417,365,37
2022,Nalgonda,Soybean,Summer,10435,9329,3085,1083,2242,29
2022,Nalgonda,Sunflower,Rabi,18349,69736,1316,749,4311,79
2022,Nalgonda,Sunflower,Summer,37253,99718,3763,921,4009,28
2022,Nalgonda,Chili,Rabi,40997,65106,2979,814,1894,40
2022,Nalgonda,Chili,Summer,47876,27880,4700,494,4393,57
2022,Nalgonda,Turmeric,Kharif,7811,13174,3155,781,509,84
2022,Nalgonda,Turmeric,Rabi,43854,52315,1122,962,2935,62
2022,Nalgonda,Turmeric,Summer,17790,81838,1688,1163,1609,83
2022,Nalgonda,Wheat,Kharif,24259,24269,2489,1135,4805,58
2022,Nalgonda,Wheat,Rabi,43681,21946,4043,928,635,69
2022,Nalgonda,Wheat,Summer,29234,15981,2985,1038,2620,30
2023,Hyderabad,Rice,Rabi,36843,40281,3418,859,2353,53
2023,Hyderabad,Rice,Summer,33358,27899,1222,535,2060,90
2023,Hyderabad,Cotton,Rabi,10465,91037,3319,777,4405,43
2023,Hyderabad,Cotton,Summer,21531,83269,1671,668,3553,80
2023,Hyderabad,Maize,Kharif,42321,20717,2899,688,1332,85
2023,Hyderabad,Maize,Rabi,42497,74964,1916,479,3639,25
2023,Hyderabad,Maize,Summer,27961,53785,3718,706,372,46
2023,Hyderabad,Sugarcane,Kharif,6891,83133,2774,586,1910,46
2023,Hyderabad,Groundnut,Kharif,44103,79179,1911,1090,1840,39
2023,Hyderabad,Groundnut,Summer,46945,28279,3121,860,3587,36
2023,Hyderabad,Soybean,Kharif,35916,77713,3711,1166,2492,60
2023,Hyderabad,Soybean,Rabi,3894,23883,1468,989,2551,73
2023,Hyderabad,Soybean,Summer,49753,41779,2814,984,4546,75
2023,Hyderabad,Sunflower,Kharif,41769,1350,4280,661,1443,30
2023,Hyderabad,Sunflower,Rabi,41113,32692,4614,1161,1627,23
2023,Hyderabad,Turmeric,Kharif,21806,34778,2195,1152,1496,76
2023,Hyderabad,Turmeric,Rabi,21708,84556,4116,571,387,69
2023,Hyderabad,Turmeric,Summer,17669,74895,1021,891,503,60
2023,Hyderabad,Wheat,Summer,15134,67729,4248,1117,4294,43
2023,Warangal,Rice,Kharif,32200,36049,2193,651,4039,79
2023,Warangal,Rice,Rabi,38909,26999,2050,1151,1550,57
2023,Warangal,Cotton,Kharif,41813,68912,3670,1029,2141,30
2023,Warangal,Cotton,Rabi,47469,760,3425,755,1404,30
2023,Warangal,Maize,Rabi,19231,2798,1186,696,769,48
2023,Warangal,Maize,Summer,39934,74556,2387,1100,2355,52
2023,Warangal,Sugarcane,Kharif,17719,11145,2692,511,3667,38
2023,Warangal,Sugarcane,Rabi,5869,91783,2086,828,796,86
2023,Warangal,Groundnut,Kharif,47515,72908,2729,1095,2620,35
2023,Warangal,Groundnut,Summer,37886,39310,2704,405,2852,26
2023,Warangal,Soybean,Kharif,30505,38779,1961,1101,1311,44
2023,Warangal,Soybean,Rabi,19359,24549,4994,791,2146,27
2023,Warangal,Soybean,Summer,2273,87633,1004,675,4209,29
2023,Warangal,Sunflower,Rabi,11071,12516,2685,625,1708,40
2023,Warangal,Sunflower,Summer,20974,74419,4041,588,4394,36
2023,Warangal,Chili,Rabi,11593,29772,4012,562,1674,45
2023,Warangal,Chili,Summer,14876,6482,4352,629,2558,56
2023,Warangal,Turmeric,Kharif,19409,99885,2282,1041,3369,81
2023,Warangal,Turmeric,Rabi,5641,47134,1109,1051,4838,43
2023,Warangal,Turmeric,Summer,41874,46276,2810,528,802,72
2023,Warangal,Wheat,Rabi,10797,1348,2307,1040,2748,24
2023,Warangal,Wheat,Summer,38665,61872,2181,1085,319,70
2023,Nizamabad,Rice,Kharif,23580,31633,2215,961,2135,66
2023,Nizamabad,Rice,Rabi,17099,2676,3993,1151,2568,58
2023,Nizamabad,Rice,Summer,49150,83348,3977,405,305,68
2023,Nizamabad,Cotton,Kharif,38529,11962,1276,1118,3189,29
2023,Nizamabad,Cotton,Rabi,33396,73302,3418,741,3668,31
2023,Nizamabad,Maize,Summer,38905,78779,3399,1058,2024,60
2023,Nizamabad,Sugarcane,Kharif,23588,42262,3808,1083,581,54
2023,Nizamabad,Sugarcane,Rabi,39437,44705,2076,841,1500,31
2023,Nizamabad,Sugarcane,Summer,19470,65349,3443,1082,4419,90
2023,Nizamabad,Groundnut,Kharif,24057,56204,3347,678,4846,59
2023,Nizamabad,Groundnut,Rabi,18494,16005,3985,892,4440,62
2023,Nizamabad,Groundnut,Summer,6066,43212,1423,840,3499,82
2023,Nizamabad,Soybean,Rabi,21912,85415,3989,589,2430,86
2023,Nizamabad,Sunflower,Kharif,10810,26510,2307,1126,2455,71
2023,Nizamabad,Sunflower,Rabi,7178,88750,2811,762,2669,86
2023,Nizamabad,Chili,Rabi,25509,99792,3717,1013,3596,64
2023,Nizamabad,Turmeric,Rabi,10175,49266,3301,1122,662,65
2023,Nizamabad,Wheat,Summer,23499,58655,1240,523,3323,48
2023,Karimnagar,Rice,Kharif,21225,41786,4129,582,3597,33
2023,Karimnagar,Rice,Summer,42257,46192,4004,709,4826,63
2023,Karimnagar,Cotton,Kharif,23282,45498,1927,413,691,62
2023,Karimnagar,Cotton,Rabi,12130,23412,2342,476,504,56
2023,Karimnagar,Cotton,Summer,36649,84891,3924,1116,3958,64
2023,Karimnagar,Maize,Rabi,2091,15486,3766,623,3199,20
2023,Karimnagar,Maize,Summer,8482,30527,3222,669,2991,77
2023,Karimnagar,Sugarcane,Kharif,12910,84188,4817,699,1147,31
2023,Karimnagar,Sugarcane,Rabi,11588,55390,2465,935,1109,51
2023,Karimnagar,Sugarcane,Summer,37385,92158,1165,965,2928,76
2023,Karimnagar,Groundnut,Summer,20866,87793,3867,1029,665,37
2023,Karimnagar,Soybean,Kharif,21423,12468,1324,735,2911,59
2023,Karimnagar,Soybean,Rabi,10225,39327,2830,1070,2634,25
2023,Karimnagar,Soybean,Summer,26253,81997,4987,1153,4770,20
2023,Karimnagar,Sunflower,Kharif,27454,23588,2917,1179,116,20
2023,Karimnagar,Sunflower,Rabi,17521,57883,1120,482,1744,51
2023,Karimnagar,Chili,Rabi,6953,94929,4281,542,3506,30
2023,Karimnagar,Chili,Summer,27835,7576,4357,919,4638,80
2023,Karimnagar,Turmeric,Summer,32013,92859,1357,429,680,37
2023,Karimnagar,Wheat,Rabi,41811,69463,1042,671,3982,76
2023,Karimnagar,Wheat,Summer,1802,94459,4380,660,4662,30
2023,Khammam,Rice,Rabi,27886,91260,4471,1088,2464,38
2023,Khammam,Rice,Summer,35275,91998,1838,438,2153,37
2023,Khammam,Cotton,Rabi,6134,16443,2383,757,4058,72
2023,Khammam,Cotton,Summer,8108,60134,3856,1191,2874,89
2023,Khammam,Maize,Kharif,24345,36743,3830,1025,1525,58
2023,Khammam,Maize,Summer,17379,38493,2777,655,4689,56
2023,Khammam,Sugarcane,Rabi,9843,54791,2922,441,3619,36
2023,Khammam,Sugarcane,Summer,29675,36639,2503,486,2394,50
2023,Khammam,Groundnut,Kharif,37029,65681,4385,765,606,62
2023,Khammam,Groundnut,Rabi,11329,41449,2619,1153,835,55
2023,Khammam,Groundnut,Summer,8004,32538,4994,456,3366,88
2023,Khammam,Soybean,Rabi,49296,74210,4872,450,2714,60
2023,Khammam,Soybean,Summer,34341,18102,4854,1058,1162,48
2023,Khammam,Sunflower,Kharif,4064,66201,3692,750,2944,54
2023,Khammam,Sunflower,Rabi,42828,90146,2650,594,3051,51
2023,Khammam,Sunflower,Summer,18735,59244,974,639,2763,71
2023,Khammam,Chili,Kharif,37329,79596,4514,606,2720,88
2023,Khammam,Chili,Summer,43081,46816,1740,1139,3996,27
2023,Khammam,Turmeric,Kharif,38857,49751,1595,576,4670,23
2023,Khammam,Turmeric,Rabi,31897,44732,4446,936,4989,29
2023,Khammam,Wheat,Kharif,3961,32707,2152,1060,1226,25
2023,Khammam,Wheat,Rabi,3844,26810,1340,1126,1502,81
2023,Khammam,Wheat,Summer,9276,86470,4244,595,3469,39
2023,Adilabad,Rice,Kharif,40955,68386,2341,1125,3533,85
2023,Adilabad,Rice,Rabi,16775,97087,2320,814,3344,25
2023,Adilabad,Cotton,Kharif,19552,3555,2385,1199,2998,72
2023,Adilabad,Cotton,Rabi,12379,65736,2925,1173,2166,77
2023,Adilabad,Cotton,Summer,21240,35311,846,1029,1641,57
2023,Adilabad,Maize,Kharif,34041,63392,4261,924,1790,70
2023,Adilabad,Maize,Summer,30536,90321,4807,1116,2421,80
2023,Adilabad,Sugarcane,Kharif,16581,41274,2686,512,1590,83
2023,Adilabad,Sugarcane,Rabi,11888,59707,4552,1190,304,58
2023,Adilabad,Sugarcane,Summer,29369,84376,2320,905,1952,39
2023,Adilabad,Groundnut,Kharif,7129,70568,2365,1006,3930,22
2023,Adilabad,Groundnut,Rabi,26692,4021,1863,626,4117,64
2023,Adilabad,Soybean,Kharif,1972,50464,3816,611,4284,29
2023,Adilabad,Sunflower,Kharif,1655,75315,4428,678,4254,41
2023,Adilabad,Sunflower,Rabi,22194,76131,2994,878,297,83
2023,Adilabad,Sunflower,Summer,1125,18041,974,820,3238,84
2023,Adilabad,Chili,Kharif,16251,6378,2413,781,2776,38
2023,Adilabad,Chili,Rabi,12540,16477,4706,1180,437,20
2023,Adilabad,Chili,Summer,42662,66567,1227,556,4908,32
2023,Adilabad,Turmeric,Rabi,24259,49550,2902,583,3454,66
2023,Adilabad,Wheat,Kharif,25780,29063,2943,915,1172,70
2023,Adilabad,Wheat,Rabi,14942,27759,1357,900,1407,42
2023,Adilabad,Wheat,Summer,18448,24098,4966,810,2950,38
2023,Medak,Rice,Rabi,29550,92833,3306,747,519,79
2023,Medak,Rice,Summer,20115,13280,1617,1013,946,62
2023,Medak,Cotton,Rabi,35175,71346,4276,568,3013,26
2023,Medak,Cotton,Summer,36687,21299,1347,1132,671,60
2023,Medak,Maize,Rabi,10787,24584,2032,501,4364,63
2023,Medak,Maize,Summer,2419,92476,3966,982,1175,21
2023,Medak,Sugarcane,Kharif,3811,80628,926,1074,3032,53
2023,Medak,Groundnut,Kharif,47482,72433,2963,1014,1903,70
2023,Medak,Groundnut,Rabi,27566,35029,2214,495,1469,86
2023,Medak,Groundnut,Summer,36130,20625,4220,606,3961,68
2023,Medak,Soybean,Kharif,9680,21132,4692,500,3299,82
2023,Medak,Soybean,Rabi,18376,48427,3768,1052,803,34
2023,Medak,Soybean,Summer,14524,4163,2173,415,2772,72
2023,Medak,Sunflower,Kharif,33240,4691,4245,998,2744,37
2023,Medak,Chili,Summer,27919,73101,3178,1082,2678,37
2023,Medak,Turmeric,Kharif,29681,63074,3748,757,1399,80
2023,Medak,Turmeric,Summer,18594,48091,3208,1141,1684,39
2023,Medak,Wheat,Kharif,4157,51579,4870,559,1948,88
2023,Medak,Wheat,Rabi,49823,70511,2611,877,597,85
2023,Medak,Wheat,Summer,18703,9002,4945,622,2783,57
2023,Rangareddy,Rice,Rabi,14666,95380,2679,883,3102,24
2023,Rangareddy,Rice,Summer,30266,49405,3853,488,1131,55
2023,Rangareddy,Cotton,Kharif,16856,90219,4459,964,1561,28
2023,Rangareddy,Cotton,Rabi,22342,28711,3591,882,2835,46
2023,Rangareddy,Maize,Kharif,28738,77079,3743,580,1959,41
2023,Rangareddy,Maize,Rabi,32634,7751,3410,1066,2058,84
2023,Rangareddy,Sugarcane,Rabi,49622,85964,3524,812,1078,70
2023,Rangareddy,Sugarcane,Summer,32981,6672,1242,919,2974,35
2023,Rangareddy,Groundnut,Summer,27430,70664,4888,577,1513,28
2023,Rangareddy,Soybean,Rabi,22614,30700,3813,796,1354,59
2023,Rangareddy,Soybean,Summer,29889,63950,1562,526,2339,62
2023,Rangareddy,Sunflower,Kharif,46131,5737,3842,479,1895,51
2023,Rangareddy,Sunflower,Rabi,16277,50705,1121,1071,760,60
2023,Rangareddy,Sunflower,Summer,1872,42893,4555,624,4097,45
2023,Rangareddy,Chili,Rabi,33216,9122,3515,527,688,84
2023,Rangareddy,Chili,Summer,7387,93201,2060,758,2785,47
2023,Rangareddy,Turmeric,Kharif,22493,89805,3420,415,1432,48
2023,Rangareddy,Turmeric,Rabi,29733,17702,1626,457,1076,40
2023,Rangareddy,Wheat,Kharif,10921,69233,4750,786,2728,26
2023,Rangareddy,Wheat,Rabi,26469,70206,4404,693,281,76
2023,Rangareddy,Wheat,Summer,20165,21477,3890,1066,3546,67
2023,Mahbubnagar,Rice,Kharif,30313,34668,1582,1107,971,25
2023,Mahbubnagar,Rice,Summer,30716,61088,3887,1024,3488,43
2023,Mahbubnagar,Maize,Rabi,44476,7111,4796,976,1237,56
2023,Mahbubnagar,Maize,Summer,25341,66571,2803,1109,3495,38
2023,Mahbubnagar,Sugarcane,Kharif,45317,93241,4925,581,3524,57
2023,Mahbubnagar,Sugarcane,Rabi,39518,48296,1489,690,1989,68
2023,Mahbubnagar,Sugarcane,Summer,29828,27926,2959,509,2212,72
2023,Mahbubnagar,Groundnut,Kharif,17935,11452,1548,720,3527,30
2023,Mahbubnagar,Groundnut,Rabi,12656,51584,2562,697,4962,60
2023,Mahbubnagar,Groundnut,Summer,29501,99244,2615,685,3870,82
2023,Mahbubnagar,Soybean,Kharif,13501,73406,2936,985,3403,52
2023,Mahbubnagar,Soybean,Rabi,47609,96496,4461,990,1250,21
2023,Mahbubnagar,Sunflower,Kharif,46973,54704,2834,1082,3884,85
2023,Mahbubnagar,Sunflower,Rabi,25358,20103,2050,639,1307,47
2023,Mahbubnagar,Sunflower,Summer,39026,46005,4636,1198,3309,86
2023,Mahbubnagar,Chili,Kharif,10535,94282,950,778,3938,61
2023,Mahbubnagar,Chili,Rabi,35964,28799,1282,1189,4554,51
2023,Mahbubnagar,Chili,Summer,45683,54576,2251,1022,352,86
2023,Mahbubnagar,Turmeric,Summer,35760,58437,2167,1045,394,53
2023,Mahbubnagar,Wheat,Kharif,24672,72898,4771,1139,3121,66
2023,Mahbubnagar,Wheat,Rabi,34156,74174,3205,819,1028,87
2023,Mahbubnagar,Wheat,Summer,12680,82637,921,497,4385,25
2023,Nalgonda,Rice,Rabi,24282,58184,4844,711,3125,86
2023,Nalgonda,Rice,Summer,48399,45327,4059,756,4729,63
2023,Nalgonda,Cotton,Rabi,44587,54798,4564,561,1652,30
2023,Nalgonda,Cotton,Summer,38509,36083,2769,1058,3766,33
2023,Nalgonda,Maize,Kharif,47291,81636,2264,758,3668,46
2023,Nalgonda,Maize,Rabi,11790,18124,2318,714,3291,43
2023,Nalgonda,Maize,Summer,27121,99602,2753,846,2527,24
2023,Nalgonda,Sugarcane,Rabi,39308,57548,3709,878,2540,56
2023,Nalgonda,Groundnut,Rabi,2740,53478,4184,813,2000,47
2023,Nalgonda,Groundnut,Summer,10218,8160,4481,789,874,54
2023,Nalgonda,Soybean,Kharif,38402,49207,1466,1192,467,76
2023,Nalgonda,Soybean,Summer,3207,90051,2993,1081,1321,81
2023,Nalgonda,Sunflower,Kharif,48337,12488,877,743,709,87
2023,Nalgonda,Sunflower,Rabi,15721,63959,4135,611,330,79
2023,Nalgonda,Chili,Rabi,15368,81904,2187,852,260,78
2023,Nalgonda,Chili,Summer,49757,92402,1252,986,3274,63
2023,Nalgonda,Turmeric,Kharif,11706,37117,1962,739,2144,45
2023,Nalgonda,Turmeric,Rabi,9469,63764,3947,426,3854,38
2023,Nalgonda,Turmeric,Summer,41466,28773,4147,1069,4604,67
2023,Nalgonda,Wheat,Summer,44548,77324,2204,471,3441,66
