department,district,budget_category,fiscal_year,allocated_amount_inr,spent_amount_inr,utilization_percentage,beneficiaries_count,projects_completed,pending_approvals,audit_score
Agriculture,Warangal,Programs,2021,5378910,4752825,88.36,2121,8,1,78.8
Social Welfare,Karimnagar,Maintenance,2022,33673113,29398318,87.31,1035,9,2,67.6
Agriculture,Warangal,Salaries,2020,9460362,8791581,92.93,5380,1,2,61.0
Education,Nizamabad,Programs,2024,27404205,24991330,91.2,1067,1,1,93.7
Transport,Warangal,Administration,2023,24459714,16540350,67.62,2988,11,8,74.4
Infrastructure,Khammam,Programs,2023,39133218,27992477,71.53,4131,19,5,65.0
Infrastructure,Khammam,Programs,2022,23476081,15786090,67.24,3680,20,5,64.3
Agriculture,Karimnagar,Equipment,2020,6861559,4257853,62.05,7170,1,9,79.6
Healthcare,Warangal,Infrastructure,2020,36223372,35816240,98.88,7090,10,1,92.3
Healthcare,Hyderabad,Infrastructure,2020,31268912,27790866,88.88,132,3,1,89.6
Transport,Warangal,Equipment,2023,17276073,16556245,95.83,3378,19,1,86.4
Agriculture,Warangal,Administration,2020,27504641,20341155,73.96,390,18,2,88.2
Agriculture,Hyderabad,Maintenance,2021,14962880,14686522,98.15,7622,0,3,76.6
Agriculture,Hyderabad,Equipment,2023,24647672,17192310,69.75,6314,16,4,66.0
Social Welfare,Khammam,Maintenance,2024,39804331,24631240,61.88,7937,1,5,68.7
Education,Khammam,Programs,2024,45597339,39368632,86.34,3733,19,0,74.4
Transport,Khammam,Salaries,2023,25776476,24905510,96.62,7368,2,7,76.9
Transport,Khammam,Maintenance,2022,40216457,38312080,95.26,5035,4,7,98.7
Agriculture,Nizamabad,Infrastructure,2022,1826117,1270178,69.56,4277,8,5,69.5
Transport,Nizamabad,Infrastructure,2020,10580460,8227768,77.76,3354,8,9,90.8
Infrastructure,Hyderabad,Maintenance,2021,43434932,26901119,61.93,9216,14,8,65.6
Transport,Karimnagar,Infrastructure,2020,27018855,17496758,64.76,3746,8,6,80.8
Agriculture,Nizamabad,Maintenance,2022,6555429,3944367,60.17,1904,11,7,88.7
Healthcare,Khammam,Administration,2022,13778249,10622891,77.1,6449,8,10,93.7
Transport,Nizamabad,Programs,2022,35602542,31778078,89.26,9102,1,5,60.6
Infrastructure,Karimnagar,Programs,2024,18166553,17455184,96.08,1910,12,6,80.3
Social Welfare,Karimnagar,Salaries,2024,7112833,4931253,69.33,3862,18,7,68.5
Agriculture,Warangal,Programs,2021,40890758,26951615,65.91,1951,20,3,88.7
Infrastructure,Karimnagar,Maintenance,2022,22151668,17034572,76.9,8691,9,2,64.5
Infrastructure,Nizamabad,Equipment,2023,7785616,6272163,80.56,3725,15,0,86.2
Healthcare,Hyderabad,Salaries,2023,2692418,1680983,62.43,3694,15,9,71.5
Transport,Nizamabad,Salaries,2024,9145446,8071763,88.26,4934,4,6,88.0
Education,Hyderabad,Infrastructure,2022,8638657,8274815,95.79,1567,18,2,69.6
Agriculture,Khammam,Infrastructure,2023,49219698,31483647,63.97,8702,10,9,78.7
Infrastructure,Karimnagar,Salaries,2024,45120453,35142768,77.89,6386,18,1,96.8
Healthcare,Khammam,Programs,2020,18653526,18411699,98.7,7568,13,6,77.8
Agriculture,Khammam,Administration,2022,31621716,28407571,89.84,1411,19,2,81.1
Agriculture,Khammam,Administration,2022,21751660,16048052,73.78,2999,7,6,78.9
Social Welfare,Karimnagar,Salaries,2022,22710315,21889177,96.38,8314,13,5,85.0
Transport,Khammam,Salaries,2023,34524529,29028739,84.08,6234,19,3,77.0
Infrastructure,Nizamabad,Infrastructure,2022,27334773,19246133,70.41,1480,11,2,84.4
Education,Khammam,Programs,2023,10375582,8414282,81.1,1100,7,2,80.4
Infrastructure,Khammam,Maintenance,2020,26021620,18161593,69.79,5618,20,9,62.9
Infrastructure,Hyderabad,Infrastructure,2022,27031812,22627755,83.71,7369,9,2,88.0
Transport,Karimnagar,Administration,2022,19069649,11712065,61.42,9622,9,7,84.8
Healthcare,Nizamabad,Administration,2020,18709716,12218105,65.3,3148,14,7,66.5
Transport,Warangal,Infrastructure,2022,28215195,20344487,72.1,7743,5,6,61.9
Education,Khammam,Infrastructure,2023,8838321,6470977,73.22,4623,12,1,98.0
Education,Hyderabad,Salaries,2021,2674625,1719836,64.3,4877,11,5,89.2
Healthcare,Nizamabad,Maintenance,2021,34426497,24372337,70.8,9493,12,2,98.5
Transport,Hyderabad,Infrastructure,2021,31287945,22833323,72.98,6925,4,3,81.0
Social Welfare,Nizamabad,Maintenance,2022,44744044,28734744,64.22,4649,0,3,63.6
Infrastructure,Karimnagar,Maintenance,2021,45601376,33918546,74.38,5899,6,8,90.5
Social Welfare,Karimnagar,Infrastructure,2023,40716295,36305995,89.17,1159,15,8,81.4
Education,Warangal,Equipment,2023,42478050,32271393,75.97,9433,8,8,90.0
Social Welfare,Nizamabad,Salaries,2021,1988963,1210450,60.86,518,17,0,95.3
Transport,Khammam,Infrastructure,2021,18387822,13169096,71.62,6287,3,1,63.6
Education,Karimnagar,Programs,2022,29930119,26542095,88.68,6571,4,0,74.4
Agriculture,Karimnagar,Salaries,2021,12715947,9376846,73.74,5785,8,1,98.3
Education,Warangal,Administration,2024,45210326,28424135,62.87,358,4,6,64.7
Infrastructure,Nizamabad,Administration,2022,11658135,10669806,91.52,5096,16,0,79.9
Education,Khammam,Programs,2021,41741235,36532829,87.52,1492,5,0,67.4
Infrastructure,Khammam,Salaries,2020,46093231,38303189,83.1,1706,1,5,95.1
Transport,Nizamabad,Equipment,2024,34213293,23950636,70.0,1890,2,0,80.0
Social Welfare,Khammam,Equipment,2021,41751637,37982817,90.97,3261,2,8,84.6
Social Welfare,Khammam,Equipment,2022,33749416,31617125,93.68,2370,17,1,63.2
Social Welfare,Hyderabad,Maintenance,2022,12635226,7749250,61.33,3765,7,8,73.9
Infrastructure,Karimnagar,Equipment,2020,2907975,2087977,71.8,5635,10,2,68.4
Transport,Khammam,Programs,2020,41663502,30690691,73.66,441,4,0,83.7
Healthcare,Nizamabad,Programs,2020,26819760,18673781,69.63,8972,13,2,86.4
Infrastructure,Khammam,Salaries,2024,12358603,10782089,87.24,8169,4,8,71.2
Healthcare,Karimnagar,Programs,2022,40189766,37604283,93.57,318,11,4,77.7
Healthcare,Hyderabad,Administration,2021,21425584,13988804,65.29,9265,2,5,64.8
Infrastructure,Hyderabad,Administration,2020,12996950,11725381,90.22,3844,9,4,86.9
Education,Khammam,Equipment,2021,42054490,37264179,88.61,9305,3,10,68.0
Transport,Karimnagar,Salaries,2020,42602786,37142455,87.18,2852,16,3,70.3
Education,Nizamabad,Equipment,2024,16223185,14951090,92.16,7002,0,9,88.3
Infrastructure,Khammam,Programs,2020,38942522,26928724,69.15,1808,20,10,89.0
Agriculture,Karimnagar,Salaries,2021,15424472,13129249,85.12,283,9,8,70.2
Education,Hyderabad,Programs,2023,40737379,32889087,80.73,9479,14,7,79.5
Transport,Nizamabad,Equipment,2023,44022708,37213642,84.53,9049,0,4,72.4
Social Welfare,Warangal,Salaries,2024,27501804,20826990,75.73,1895,4,2,60.6
Transport,Warangal,Equipment,2022,20810657,16237946,78.03,6441,11,6,79.0
Agriculture,Hyderabad,Salaries,2020,43997016,31675537,71.99,3484,6,10,81.5
Transport,Hyderabad,Maintenance,2024,15860984,10256083,64.66,8008,5,1,85.4
Transport,Karimnagar,Maintenance,2023,13447840,9106020,67.71,8748,19,6,74.1
Social Welfare,Khammam,Maintenance,2023,15267684,10228151,66.99,4298,7,0,99.3
Transport,Hyderabad,Programs,2024,36019883,34295216,95.21,7609,14,2,64.5
Social Welfare,Nizamabad,Salaries,2021,16500230,13743025,83.29,5953,11,7,79.6
Social Welfare,Khammam,Infrastructure,2021,25850554,16165008,62.53,4368,5,7,64.5
Transport,Karimnagar,Equipment,2024,22252915,20579301,92.48,5261,0,10,93.1
Healthcare,Warangal,Administration,2022,24712974,20200173,81.74,6099,20,3,68.9
Healthcare,Khammam,Equipment,2022,36486224,26025990,71.33,2325,17,0,68.9
Education,Karimnagar,Administration,2021,43314120,31606849,72.97,5010,4,4,83.0
Infrastructure,Nizamabad,Equipment,2021,15244710,10714530,70.28,7118,0,7,92.7
Healthcare,Hyderabad,Equipment,2023,3074197,3023009,98.33,8532,19,4,92.8
Transport,Hyderabad,Programs,2024,18163350,10925902,60.15,4109,4,0,62.9
Education,Warangal,Programs,2023,5061077,4920887,97.23,4918,9,1,75.8
Transport,Karimnagar,Salaries,2021,1522797,1127009,74.01,5246,20,2,88.8
Transport,Khammam,Salaries,2020,35433577,23602076,66.61,7276,9,10,67.5
Healthcare,Karimnagar,Infrastructure,2022,20442471,17263052,84.45,5881,9,9,67.8
Healthcare,Nizamabad,Infrastructure,2023,16598729,15925012,95.94,2257,0,9,90.4
Transport,Khammam,Maintenance,2022,15053651,11609315,77.12,4683,0,4,91.8
Social Welfare,Warangal,Maintenance,2023,45708453,37475446,81.99,1302,18,2,74.6
Social Welfare,Hyderabad,Programs,2023,47946438,33544539,69.96,2304,7,6,64.7
Agriculture,Khammam,Maintenance,2023,12739271,10668083,83.74,2101,19,0,78.0
Agriculture,Warangal,Infrastructure,2024,26080340,24682274,94.64,7401,2,3,90.7
Healthcare,Nizamabad,Maintenance,2024,23658384,22838286,96.53,7368,8,3,91.2
Agriculture,Nizamabad,Maintenance,2024,14994674,10085112,67.26,2762,15,9,63.5
Agriculture,Warangal,Infrastructure,2023,27871975,21683583,77.8,3321,1,1,60.1
Education,Karimnagar,Equipment,2023,3469847,3175759,91.52,9969,10,9,94.6
Agriculture,Nizamabad,Salaries,2020,40458562,35400414,87.5,9889,8,4,100.0
Agriculture,Hyderabad,Administration,2023,8782111,8615030,98.1,1534,2,10,66.2
Social Welfare,Warangal,Infrastructure,2023,20771578,17876322,86.06,3439,14,5,99.1
Transport,Nizamabad,Salaries,2024,12100853,7755001,64.09,1106,12,4,95.7
Education,Nizamabad,Maintenance,2024,20656941,20597689,99.71,5199,15,0,79.6
Transport,Nizamabad,Maintenance,2021,49725476,31641628,63.63,9318,17,4,79.4
Healthcare,Khammam,Infrastructure,2021,5188136,3738632,72.06,4721,2,9,90.7
Transport,Warangal,Administration,2020,40972141,39322886,95.97,4385,20,5,94.2
Infrastructure,Nizamabad,Salaries,2021,45146259,29734601,65.86,1868,2,9,86.6
Transport,Hyderabad,Equipment,2023,37212371,25835852,69.43,1025,14,7,74.5
Agriculture,Warangal,Equipment,2021,6115575,5117866,83.69,3456,6,4,97.5
Infrastructure,Karimnagar,Programs,2022,31748720,28450169,89.61,7225,6,10,99.6
Education,Nizamabad,Equipment,2022,14846858,10479130,70.58,5875,0,2,80.8
Agriculture,Khammam,Administration,2022,15030525,14742109,98.08,6337,13,2,98.9
Infrastructure,Khammam,Maintenance,2022,45610243,39857161,87.39,6397,11,7,99.7
Agriculture,Warangal,Programs,2023,21418300,12851603,60.0,8563,14,4,72.4
Agriculture,Nizamabad,Equipment,2022,47069539,43931002,93.33,6149,3,1,81.7
Transport,Karimnagar,Maintenance,2023,19516573,14184150,72.68,5587,17,2,91.2
Infrastructure,Hyderabad,Administration,2021,33504397,33073784,98.71,9450,19,1,84.4
Social Welfare,Khammam,Salaries,2020,29743565,24166389,81.25,9147,18,5,63.1
Transport,Hyderabad,Equipment,2022,26303801,16730938,63.61,4369,5,3,67.9
Agriculture,Warangal,Infrastructure,2021,48057232,33277234,69.25,432,8,8,97.2
Education,Hyderabad,Administration,2022,15874720,12793431,80.59,1085,4,6,63.2
Infrastructure,Khammam,Infrastructure,2024,22289874,16407012,73.61,9984,3,1,71.2
Transport,Khammam,Salaries,2020,29674225,24394636,82.21,9503,8,2,81.0
Healthcare,Nizamabad,Infrastructure,2024,5979231,5203234,87.02,3096,12,9,94.9
Education,Khammam,Infrastructure,2023,38074671,24995989,65.65,761,20,7,81.2
Social Welfare,Warangal,Infrastructure,2020,27431542,19511134,71.13,8289,1,3,83.9
Healthcare,Nizamabad,Salaries,2023,36727264,26204175,71.35,1084,10,5,67.2
Infrastructure,Karimnagar,Infrastructure,2022,30071397,25449877,84.63,4041,10,10,95.7
Social Welfare,Warangal,Administration,2023,18718008,13432941,71.76,1445,20,2,70.6
Agriculture,Karimnagar,Programs,2023,24122840,21318921,88.38,3989,19,1,95.1
Transport,Warangal,Programs,2021,9939233,9126808,91.83,7909,7,9,83.1
Healthcare,Nizamabad,Salaries,2024,26567314,19136213,72.03,9259,8,3,81.4
Education,Warangal,Equipment,2022,18944686,15233690,80.41,4304,10,4,80.3
Social Welfare,Khammam,Administration,2022,36334570,26325476,72.45,7778,12,3,84.1
Infrastructure,Khammam,Administration,2022,3675993,3293443,89.59,8983,5,7,72.6
Infrastructure,Warangal,Administration,2023,26879944,18107908,67.37,5077,19,1,68.2
Education,Warangal,Maintenance,2024,25544282,18977266,74.29,5896,14,4,88.0
Healthcare,Nizamabad,Programs,2022,45912237,41510558,90.41,2840,11,6,62.8
Healthcare,Khammam,Equipment,2023,44513130,27052911,60.78,9410,10,10,65.3
Infrastructure,Hyderabad,Programs,2021,44391718,26944539,60.7,9714,19,10,84.8
Social Welfare,Khammam,Infrastructure,2024,49386131,35242339,71.36,9234,17,6,80.3
Healthcare,Khammam,Equipment,2021,4255246,3201962,75.25,8350,6,0,91.5
Education,Warangal,Equipment,2020,35768120,29770833,83.23,1324,8,3,93.0
Transport,Nizamabad,Administration,2023,34421765,25596304,74.36,7832,17,1,94.2
Infrastructure,Karimnagar,Programs,2024,30854870,18905758,61.27,5382,4,3,77.7
Infrastructure,Nizamabad,Infrastructure,2020,23864790,14884292,62.37,9287,14,7,77.7
Healthcare,Nizamabad,Salaries,2024,31260273,21161660,67.7,4220,15,10,96.5
Infrastructure,Karimnagar,Programs,2021,33596812,27435487,81.66,8581,18,0,62.3
Social Welfare,Nizamabad,Maintenance,2022,25567095,22339178,87.37,1360,13,2,89.5
Transport,Karimnagar,Equipment,2021,11379999,7654036,67.26,6138,16,5,99.0
Social Welfare,Nizamabad,Programs,2020,10919540,9290469,85.08,6030,19,2,94.9
Social Welfare,Khammam,Administration,2021,6064671,5746858,94.76,9884,10,10,97.3
Infrastructure,Nizamabad,Infrastructure,2024,31680281,22600606,71.34,949,11,5,77.5
Infrastructure,Hyderabad,Equipment,2020,43572750,37438221,85.92,5042,14,7,76.0
Healthcare,Warangal,Equipment,2022,27607774,16589914,60.09,3159,17,10,83.6
Education,Hyderabad,Programs,2024,11825562,8827095,74.64,7791,15,8,79.2
Social Welfare,Nizamabad,Equipment,2023,7575682,5001849,66.03,7849,13,8,62.1
Agriculture,Hyderabad,Programs,2022,22471604,21283032,94.71,3871,12,0,84.1
Social Welfare,Hyderabad,Infrastructure,2024,17092070,11058696,64.7,9211,7,7,77.2
Education,Warangal,Administration,2022,23722528,20036373,84.46,1152,6,3,74.0
Education,Nizamabad,Maintenance,2023,4189499,2842914,67.86,5882,9,7,72.9
Agriculture,Hyderabad,Equipment,2022,13543013,9063786,66.93,9207,7,0,73.5
Healthcare,Hyderabad,Administration,2021,48938214,29708573,60.71,2415,10,9,71.9
Healthcare,Hyderabad,Infrastructure,2024,5278779,4819006,91.29,5564,18,4,80.3
Healthcare,Warangal,Maintenance,2022,17713660,16938121,95.62,3477,20,8,61.9
Transport,Hyderabad,Equipment,2021,34443907,32605017,94.66,6091,13,1,94.8
Social Welfare,Karimnagar,Maintenance,2023,17107403,16874572,98.64,8074,15,7,71.4
Education,Karimnagar,Maintenance,2020,41723685,37221894,89.21,3461,18,7,69.3
Healthcare,Karimnagar,Infrastructure,2024,21290292,19131562,89.86,2969,2,7,98.1
Transport,Hyderabad,Maintenance,2021,47974130,47039993,98.05,7589,0,7,80.8
Transport,Karimnagar,Salaries,2022,15149443,10507430,69.36,4522,6,4,94.0
Healthcare,Nizamabad,Administration,2020,32599560,29069141,89.17,4436,13,6,64.1
Healthcare,Nizamabad,Equipment,2020,34991376,30825326,88.09,5411,5,7,65.2
Healthcare,Hyderabad,Programs,2022,2824089,2391651,84.69,7493,14,8,92.6
Transport,Warangal,Programs,2020,33122394,26702994,80.62,3013,17,8,82.0
Agriculture,Karimnagar,Equipment,2021,32596309,32538661,99.82,3356,19,7,71.2
Social Welfare,Karimnagar,Administration,2024,38073476,31742638,83.37,3145,10,6,69.8
Healthcare,Warangal,Salaries,2022,12875113,12868490,99.95,179,20,8,75.8
Social Welfare,Khammam,Salaries,2024,49070805,36556031,74.5,6746,3,8,78.7
Transport,Warangal,Infrastructure,2021,17929507,15320922,85.45,8727,11,5,65.9
Agriculture,Nizamabad,Equipment,2021,40089728,33527215,83.63,9893,3,0,95.3
Social Welfare,Karimnagar,Salaries,2020,20187255,16658061,82.52,6470,17,6,61.8
Healthcare,Hyderabad,Maintenance,2023,40338864,32187061,79.79,5275,19,5,65.8
Agriculture,Warangal,Programs,2022,47058688,37534219,79.76,8845,9,5,73.6
Healthcare,Warangal,Infrastructure,2023,40111683,39130420,97.55,9116,13,4,74.9
Social Welfare,Khammam,Infrastructure,2024,26489015,17995732,67.94,113,6,0,60.9
Agriculture,Karimnagar,Infrastructure,2024,24154848,23215587,96.11,3890,20,4,72.4
Agriculture,Hyderabad,Administration,2023,35597583,32336260,90.84,3073,0,3,64.5
Education,Khammam,Equipment,2022,27010649,22423879,83.02,2957,0,4,79.5
Agriculture,Hyderabad,Administration,2024,11736489,11289473,96.19,9252,20,7,97.6
Infrastructure,Warangal,Administration,2020,35181124,32518973,92.43,8114,19,8,71.2
Social Welfare,Warangal,Salaries,2020,31788986,27638224,86.94,2787,6,7,72.5
Social Welfare,Warangal,Salaries,2022,10860614,9925108,91.39,4839,14,6,88.0
Education,Warangal,Maintenance,2022,9661278,7665866,79.35,8206,11,3,65.3
Healthcare,Nizamabad,Equipment,2021,4344369,4139758,95.29,2075,17,8,67.9
Agriculture,Nizamabad,Administration,2021,44386623,34560114,77.86,4632,13,10,65.7
Education,Karimnagar,Programs,2022,25483941,18498083,72.59,5937,5,4,69.1
Social Welfare,Hyderabad,Infrastructure,2023,15477156,10026479,64.78,9177,19,2,75.2
Infrastructure,Warangal,Maintenance,2023,28522785,27741481,97.26,3183,6,7,66.4
Education,Karimnagar,Maintenance,2024,23117992,14970108,64.76,1785,20,8,90.5
Transport,Hyderabad,Salaries,2022,20737198,14876971,71.74,8317,18,4,81.6
Social Welfare,Hyderabad,Administration,2021,3808554,2333354,61.27,4100,13,9,76.2
Agriculture,Warangal,Infrastructure,2020,30147306,27433007,91.0,4411,13,10,69.0
Transport,Khammam,Infrastructure,2020,47618000,31519563,66.19,3768,8,5,82.9
Transport,Hyderabad,Infrastructure,2020,6167253,3873375,62.81,9755,2,4,61.0
Social Welfare,Karimnagar,Programs,2023,16426720,15340181,93.39,9080,15,2,76.1
Education,Khammam,Maintenance,2021,27909800,26457861,94.8,392,1,2,62.4
Transport,Warangal,Infrastructure,2021,39309287,38069767,96.85,8997,5,7,99.6
Education,Karimnagar,Administration,2024,43155552,38988450,90.34,1890,7,6,79.0
Transport,Hyderabad,Programs,2020,49377416,44233070,89.58,3690,13,9,68.3
Social Welfare,Nizamabad,Administration,2022,1153134,1111025,96.35,777,15,2,72.5
Transport,Warangal,Maintenance,2024,4759778,4088414,85.9,7771,7,6,71.7
Social Welfare,Warangal,Salaries,2023,48178532,32400751,67.25,7983,16,5,63.0
Education,Karimnagar,Infrastructure,2023,17247170,13985393,81.09,2725,4,10,80.0
Healthcare,Hyderabad,Programs,2021,33174300,31807611,95.88,9469,4,9,66.6
Agriculture,Warangal,Salaries,2022,43203771,41683222,96.48,3195,13,7,62.2
Transport,Warangal,Administration,2023,30284201,25199364,83.21,1531,5,9,61.2
Transport,Warangal,Infrastructure,2022,10951043,7356228,67.17,2494,4,10,62.8
Infrastructure,Warangal,Equipment,2022,19995019,15932968,79.68,6151,10,2,77.8
Social Welfare,Nizamabad,Programs,2022,9933659,6717758,67.63,5203,7,5,90.9
Transport,Warangal,Infrastructure,2023,30462549,19640845,64.48,4110,14,9,77.9
Infrastructure,Khammam,Infrastructure,2021,14900135,9235340,61.98,5971,2,4,69.0
Agriculture,Nizamabad,Maintenance,2021,28701784,26715641,93.08,5509,18,2,65.1
Healthcare,Khammam,Equipment,2023,15565829,9454647,60.74,6132,0,2,88.0
Education,Khammam,Administration,2023,38523328,36080359,93.66,3047,14,10,97.8
Social Welfare,Karimnagar,Salaries,2024,35096762,22672309,64.6,6834,1,1,98.8
Healthcare,Hyderabad,Infrastructure,2022,6376782,4095637,64.23,4905,6,1,73.6
Healthcare,Khammam,Infrastructure,2020,27051586,17212397,63.63,4792,0,3,60.3
Transport,Nizamabad,Salaries,2021,29906627,19789174,66.17,8090,18,6,60.4
Agriculture,Khammam,Maintenance,2021,5734767,4158688,72.52,7123,4,6,75.9
Education,Hyderabad,Maintenance,2021,7822249,6749044,86.28,6227,9,4,91.5
Education,Nizamabad,Salaries,2022,44560153,40775718,91.51,4612,4,6,81.2
Transport,Hyderabad,Maintenance,2023,37453178,23858066,63.7,4038,2,9,90.9
Infrastructure,Warangal,Administration,2024,16390983,11270485,68.76,6345,19,8,91.4
Education,Karimnagar,Equipment,2024,15923021,13914860,87.39,4418,2,5,99.4
Transport,Nizamabad,Salaries,2020,20078906,16447059,81.91,1130,11,9,92.0
Agriculture,Warangal,Infrastructure,2022,13584888,8359226,61.53,7855,1,6,97.1
Infrastructure,Hyderabad,Administration,2023,38863446,23391236,60.19,2669,7,6,82.3
Transport,Hyderabad,Equipment,2023,41608306,40513688,97.37,162,20,9,66.6
Education,Khammam,Salaries,2023,5479327,5126953,93.57,7806,16,6,67.4
Education,Nizamabad,Infrastructure,2021,31829208,21688044,68.14,1166,10,5,71.9
Infrastructure,Khammam,Programs,2022,47458133,45534735,95.95,4771,16,0,74.5
Healthcare,Khammam,Programs,2024,4338400,4258281,98.15,1545,14,0,96.6
Agriculture,Hyderabad,Equipment,2020,15432869,13142292,85.16,8620,8,7,83.7
Social Welfare,Khammam,Infrastructure,2021,14008920,8877000,63.37,7513,12,0,78.6
Social Welfare,Khammam,Salaries,2024,38807314,23895831,61.58,7354,18,2,72.7
Transport,Khammam,Infrastructure,2024,18263747,14113865,77.28,3714,0,6,87.9
Healthcare,Nizamabad,Infrastructure,2020,17281605,15488632,89.62,4265,17,1,99.1
Agriculture,Khammam,Infrastructure,2021,31534720,24621002,78.08,811,20,6,90.8
Healthcare,Warangal,Administration,2022,5668614,4942152,87.18,9503,3,0,97.0
Transport,Warangal,Equipment,2020,31408126,24955598,79.46,2010,5,5,74.2
Education,Warangal,Salaries,2024,15038970,14106022,93.8,6098,4,6,75.4
Healthcare,Warangal,Infrastructure,2023,43396270,32048108,73.85,5479,5,10,86.7
Education,Khammam,Equipment,2020,46581496,36011239,77.31,789,6,6,78.5
Infrastructure,Khammam,Programs,2021,26085745,24237912,92.92,6977,7,7,67.1
Infrastructure,Nizamabad,Infrastructure,2023,42983146,30408619,70.75,7824,13,7,84.2
Healthcare,Hyderabad,Infrastructure,2024,28546318,18915736,66.26,4123,8,6,69.3
Agriculture,Khammam,Maintenance,2024,4563248,3216193,70.48,1156,8,8,68.8
Transport,Nizamabad,Equipment,2024,31735935,23660948,74.56,9098,9,3,71.5
Education,Hyderabad,Equipment,2020,5510057,4151002,75.34,5000,1,1,78.3
Social Welfare,Nizamabad,Programs,2023,16159599,10359759,64.11,7711,1,10,93.4
Agriculture,Karimnagar,Infrastructure,2024,5517623,3606167,65.36,2391,8,1,77.3
Social Welfare,Khammam,Infrastructure,2022,30485588,30248819,99.22,5168,14,2,77.3
Healthcare,Khammam,Administration,2024,15793876,15628511,98.95,8166,4,1,80.0
Social Welfare,Khammam,Programs,2022,13895713,9855243,70.92,9522,15,1,77.5
Education,Karimnagar,Equipment,2021,20195138,15991713,79.19,532,14,9,97.9
Social Welfare,Khammam,Infrastructure,2023,33481106,33223649,99.23,2974,14,4,73.5
Infrastructure,Karimnagar,Maintenance,2024,24991418,20118178,80.5,212,10,5,66.5
Social Welfare,Nizamabad,Administration,2022,44619162,35332135,79.19,1646,5,0,87.0
Education,Khammam,Salaries,2024,44932206,32107298,71.46,3724,11,1,92.2
Healthcare,Hyderabad,Administration,2020,43134777,28512431,66.1,5417,0,5,89.5
Education,Nizamabad,Salaries,2020,15154104,12172164,80.32,8989,1,4,79.8
Infrastructure,Khammam,Infrastructure,2021,21642256,18326371,84.68,3115,4,6,74.5
Social Welfare,Karimnagar,Salaries,2020,20833434,14539180,69.79,1231,8,2,75.4
Transport,Hyderabad,Administration,2021,45924587,29819987,64.93,2584,2,9,76.1
Agriculture,Nizamabad,Equipment,2020,47728072,36580519,76.64,619,0,7,78.3
Infrastructure,Karimnagar,Administration,2020,20158625,18420361,91.38,1567,0,9,82.6
Infrastructure,Hyderabad,Infrastructure,2023,15620150,14054277,89.98,3054,19,2,87.3
Infrastructure,Warangal,Administration,2023,42500306,28082607,66.08,5278,12,1,79.8
Social Welfare,Warangal,Maintenance,2023,19502089,12210666,62.61,2952,4,4,75.5
Social Welfare,Nizamabad,Maintenance,2022,13793775,12702775,92.09,935,13,7,66.9
Social Welfare,Nizamabad,Programs,2021,42141918,34614020,82.14,3161,13,5,77.1
Transport,Warangal,Maintenance,2024,5567763,5038968,90.5,8887,19,6,66.3
Education,Warangal,Maintenance,2023,2187046,1704667,77.94,7751,4,3,88.4
Agriculture,Hyderabad,Maintenance,2022,45488188,38188603,83.95,4583,4,6,88.7
Healthcare,Khammam,Programs,2024,32243680,27835470,86.33,9937,17,2,89.4
Agriculture,Hyderabad,Maintenance,2023,21859650,16044560,73.4,776,12,5,85.8
Infrastructure,Hyderabad,Salaries,2022,40891307,24937731,60.99,7289,16,4,90.9
Transport,Warangal,Salaries,2023,33384691,30292634,90.74,8910,5,9,62.8
Education,Warangal,Programs,2020,6921264,5075811,73.34,8089,19,6,81.6
Education,Hyderabad,Equipment,2022,23601970,22195469,94.04,7585,16,8,79.5
Transport,Warangal,Maintenance,2024,11222879,7673266,68.37,924,1,10,69.1
Education,Hyderabad,Programs,2021,48235552,36275290,75.2,7798,8,0,85.3
Agriculture,Hyderabad,Salaries,2021,5453979,3907443,71.64,2739,10,10,67.9
Social Welfare,Nizamabad,Programs,2022,29522985,28226962,95.61,432,0,8,73.5
Transport,Warangal,Administration,2023,26318576,24542257,93.25,443,19,4,94.4
Transport,Nizamabad,Equipment,2021,40554547,38027058,93.77,7715,10,7,80.3
Agriculture,Khammam,Administration,2020,48005783,35960649,74.91,2442,16,1,92.6
Infrastructure,Nizamabad,Salaries,2021,12788545,8654391,67.67,1265,4,3,72.9
Social Welfare,Hyderabad,Equipment,2024,22196233,14617151,65.85,6290,7,9,65.6
Healthcare,Karimnagar,Salaries,2021,12273848,10535897,85.84,9098,7,3,60.5
Education,Warangal,Equipment,2024,14223700,9552117,67.16,1853,2,5,68.1
Education,Nizamabad,Programs,2022,49920436,30266201,60.63,2064,19,6,72.0
Education,Warangal,Infrastructure,2022,19446365,12284873,63.17,4426,8,2,73.5
Infrastructure,Nizamabad,Maintenance,2022,24683290,16532731,66.98,2436,14,4,70.8
Healthcare,Karimnagar,Equipment,2022,17489529,12864165,73.55,7072,4,4,87.0
Transport,Khammam,Programs,2021,41073043,38278984,93.2,3954,5,6,87.2
Transport,Nizamabad,Salaries,2023,14332939,12794495,89.27,8939,4,9,78.5
Transport,Nizamabad,Salaries,2023,11640364,7333141,63.0,2785,17,1,72.4
Social Welfare,Hyderabad,Infrastructure,2022,38401352,24881373,64.79,3005,2,2,89.3
Education,Nizamabad,Infrastructure,2023,33977441,21326465,62.77,1263,3,2,77.2
Education,Khammam,Equipment,2023,45672783,44743758,97.97,5850,20,2,95.6
Infrastructure,Khammam,Salaries,2020,29362299,19806404,67.46,860,12,7,86.6
Agriculture,Nizamabad,Administration,2021,31212726,19394736,62.14,6002,11,0,73.1
Transport,Warangal,Maintenance,2021,45975180,43855450,95.39,4863,4,7,78.9
Transport,Nizamabad,Programs,2023,20979786,19866162,94.69,9588,17,6,72.5
Social Welfare,Warangal,Salaries,2023,1990825,1616221,81.18,8668,13,2,80.6
Transport,Warangal,Programs,2024,22252667,20297498,91.21,1248,18,3,98.3
Infrastructure,Nizamabad,Infrastructure,2024,42078451,33543730,79.72,1657,14,10,78.3
Social Welfare,Khammam,Administration,2024,43321277,43013207,99.29,8195,5,2,73.5
Agriculture,Hyderabad,Administration,2020,30546103,28118127,92.05,4675,19,6,94.9
Infrastructure,Khammam,Administration,2022,27756868,21032726,75.77,861,1,3,92.2
Healthcare,Nizamabad,Salaries,2023,19377582,11638839,60.06,1439,16,4,98.5
Social Welfare,Nizamabad,Programs,2024,29933965,23019369,76.9,7045,17,5,77.8
Education,Karimnagar,Salaries,2022,41914182,33622222,80.22,567,13,7,62.5
Infrastructure,Hyderabad,Infrastructure,2023,21398322,14579000,68.13,7066,0,3,92.5
Healthcare,Khammam,Maintenance,2023,43169074,35165836,81.46,3370,11,2,75.4
Social Welfare,Khammam,Infrastructure,2022,37791909,35091024,92.85,643,8,2,94.7
Healthcare,Hyderabad,Infrastructure,2020,8334608,7556523,90.66,1392,16,4,90.6
Social Welfare,Hyderabad,Infrastructure,2020,20895816,15899716,76.09,4827,5,4,64.3
Education,Khammam,Maintenance,2020,45520316,29704971,65.26,4758,0,2,95.6
Agriculture,Hyderabad,Salaries,2023,42993391,31978743,74.38,1456,2,10,98.8
Infrastructure,Hyderabad,Equipment,2021,39041302,30649853,78.51,1952,18,6,95.8
Education,Hyderabad,Infrastructure,2023,20390368,15460728,75.82,9159,19,6,97.5
Agriculture,Hyderabad,Maintenance,2022,49396073,43642110,88.35,7165,19,10,70.2
Social Welfare,Karimnagar,Salaries,2022,22652863,20267095,89.47,7917,6,10,76.4
Healthcare,Warangal,Salaries,2020,8603817,5658593,65.77,9960,8,7,91.5
Education,Khammam,Maintenance,2022,39027438,35627064,91.29,4701,16,0,88.9
Infrastructure,Nizamabad,Programs,2022,1600583,1540208,96.23,4078,5,1,82.1
Agriculture,Nizamabad,Equipment,2020,41196326,39187299,95.12,9688,8,7,71.8
Education,Khammam,Administration,2023,21848712,16320065,74.7,8426,2,5,65.6
Healthcare,Hyderabad,Administration,2020,14437982,10657049,73.81,5360,20,0,79.1
Education,Warangal,Equipment,2020,48058813,46493196,96.74,8348,1,3,73.8
Healthcare,Nizamabad,Maintenance,2021,34040803,32409324,95.21,4507,9,1,73.7
Social Welfare,Nizamabad,Infrastructure,2024,22556606,15647408,69.37,292,9,5,94.0
Transport,Hyderabad,Equipment,2022,9330875,6861262,73.53,4148,11,9,86.8
Education,Warangal,Maintenance,2023,25329972,15485858,61.14,4923,12,6,87.7
Agriculture,Hyderabad,Maintenance,2021,12850424,10681537,83.12,1568,20,8,88.8
Infrastructure,Khammam,Infrastructure,2024,12460068,11151227,89.5,5230,4,3,91.4
Education,Hyderabad,Maintenance,2021,43458900,28484644,65.54,7056,0,5,98.0
Transport,Nizamabad,Administration,2024,48013391,47709556,99.37,5215,15,6,74.1
Agriculture,Karimnagar,Salaries,2021,30356189,25270348,83.25,3175,15,1,99.3
Transport,Hyderabad,Programs,2021,21846131,16433384,75.22,5220,13,8,70.5
Social Welfare,Karimnagar,Programs,2020,15826701,10538963,66.59,1341,0,8,73.3
Transport,Karimnagar,Salaries,2023,21337665,14245393,66.76,8570,18,9,79.8
Transport,Nizamabad,Programs,2024,5623160,5075996,90.27,4985,9,0,76.6
Healthcare,Karimnagar,Equipment,2023,28985977,25344614,87.44,8085,20,0,60.5
Social Welfare,Hyderabad,Administration,2023,47535074,30183740,63.5,6201,4,8,68.6
Agriculture,Karimnagar,Equipment,2022,1756660,1100334,62.64,364,9,6,78.6
Infrastructure,Warangal,Maintenance,2020,31044824,18874344,60.8,788,1,7,85.7
Infrastructure,Hyderabad,Administration,2024,16917816,14449314,85.41,3583,8,7,81.8
Transport,Hyderabad,Infrastructure,2024,17026016,14112796,82.89,1782,1,6,82.9
Transport,Hyderabad,Maintenance,2024,30117627,26932929,89.43,6516,19,5,80.4
Education,Warangal,Salaries,2022,12763457,10801356,84.63,586,13,10,86.3
Healthcare,Warangal,Infrastructure,2022,32944028,24267187,73.66,9392,1,7,76.2
Transport,Nizamabad,Programs,2022,26823760,20701558,77.18,9591,12,1,82.0
Agriculture,Khammam,Maintenance,2023,40322584,26440737,65.57,3111,19,9,74.7
Education,Nizamabad,Salaries,2022,17762271,13043359,73.43,8043,17,2,93.2
Infrastructure,Warangal,Programs,2024,19419557,19012258,97.9,7975,5,10,96.0
Infrastructure,Khammam,Maintenance,2020,33132427,24736125,74.66,6987,4,3,66.5
Agriculture,Hyderabad,Programs,2023,26611027,23303535,87.57,6952,5,8,87.0
Education,Karimnagar,Salaries,2024,18740286,15836820,84.51,8619,13,0,81.7
Infrastructure,Hyderabad,Salaries,2021,11128631,8000450,71.89,6054,5,0,62.8
Agriculture,Hyderabad,Infrastructure,2023,25933586,25263021,97.41,1665,17,3,80.0
Transport,Warangal,Infrastructure,2021,29562800,23166165,78.36,7075,1,0,86.1
Infrastructure,Hyderabad,Maintenance,2024,42815144,26138727,61.05,9777,18,7,73.3
Transport,Warangal,Salaries,2022,16679369,15154845,90.86,4345,13,10,65.9
Education,Warangal,Maintenance,2023,43532706,26596637,61.1,7893,10,1,67.9
Agriculture,Khammam,Equipment,2023,15875191,13566671,85.46,2911,20,4,73.0
Agriculture,Khammam,Equipment,2022,4535692,4386094,96.7,459,4,1,76.3
Healthcare,Khammam,Maintenance,2024,43896376,43892639,99.99,8336,13,4,76.4
Infrastructure,Warangal,Infrastructure,2023,8542974,6564519,76.84,5256,20,8,70.5
Social Welfare,Khammam,Infrastructure,2024,15177708,9233914,60.84,9280,2,0,65.8
Healthcare,Warangal,Infrastructure,2021,35027538,28714769,81.98,5822,3,0,92.3
Transport,Hyderabad,Administration,2020,19328012,16090007,83.25,6888,3,3,73.0
Healthcare,Warangal,Infrastructure,2021,26441602,16278531,61.56,481,14,2,98.1
Healthcare,Hyderabad,Maintenance,2021,8536687,5599338,65.59,8832,16,10,78.8
Agriculture,Karimnagar,Administration,2021,33381853,33180180,99.4,8364,4,8,89.4
Education,Warangal,Equipment,2021,30965354,26044288,84.11,2513,11,4,77.6
Social Welfare,Hyderabad,Equipment,2023,22459120,13839194,61.62,1081,10,7,64.7
Social Welfare,Warangal,Administration,2021,27820277,17913494,64.39,4222,12,5,67.8
Education,Karimnagar,Programs,2023,48255337,30493119,63.19,4508,20,6,73.3
Transport,Nizamabad,Salaries,2021,14346276,10830011,75.49,6406,0,5,90.8
Transport,Warangal,Administration,2022,42529573,37223452,87.52,4876,12,4,77.5
Transport,Khammam,Administration,2021,39657809,27413465,69.13,2724,16,1,64.6
Social Welfare,Nizamabad,Administration,2020,4722013,3890586,82.39,3403,17,8,87.6
Education,Hyderabad,Maintenance,2024,17479988,14658967,83.86,6762,19,10,69.3
Infrastructure,Hyderabad,Maintenance,2023,29317716,24054540,82.05,890,14,2,88.7
Infrastructure,Hyderabad,Salaries,2023,33368077,32793924,98.28,4755,12,10,92.6
Social Welfare,Nizamabad,Salaries,2023,27623676,24776479,89.69,5015,10,10,74.4
Infrastructure,Warangal,Infrastructure,2020,30422102,28700120,94.34,8180,9,6,85.4
Transport,Khammam,Salaries,2021,37503255,29712871,79.23,2608,16,5,99.9
Healthcare,Khammam,Programs,2023,28021279,17947768,64.05,3766,13,1,78.1
Infrastructure,Hyderabad,Maintenance,2022,14404049,13139402,91.22,6968,12,5,96.7
Infrastructure,Karimnagar,Infrastructure,2021,12312015,8853434,71.91,8593,7,8,81.2
Education,Hyderabad,Salaries,2020,10094994,6670838,66.08,5605,17,2,93.5
Education,Warangal,Equipment,2024,10074270,6332725,62.86,461,10,6,95.3
Agriculture,Khammam,Programs,2024,15116542,10814080,71.54,1238,16,2,69.0
Social Welfare,Khammam,Infrastructure,2021,45287180,44355477,97.94,4862,20,1,99.1
Transport,Warangal,Salaries,2021,39723910,32772646,82.5,8478,20,2,99.0
Healthcare,Karimnagar,Infrastructure,2021,38910651,27401117,70.42,8626,20,2,79.0
Transport,Nizamabad,Equipment,2024,44702678,41579790,93.01,1628,13,2,71.1
Education,Karimnagar,Salaries,2024,13932306,9170020,65.82,9461,8,0,65.0
Transport,Khammam,Maintenance,2024,43491383,35370779,81.33,1675,15,1,96.0
Agriculture,Hyderabad,Infrastructure,2023,34627780,31574053,91.18,8103,4,4,75.5
Social Welfare,Hyderabad,Infrastructure,2023,5309456,4591763,86.48,6991,15,9,91.8
Social Welfare,Khammam,Equipment,2020,24565108,18433061,75.04,2019,0,9,73.0
Transport,Warangal,Programs,2024,49319004,31899512,64.68,3535,20,9,69.7
Healthcare,Nizamabad,Administration,2023,35709267,35435922,99.23,1155,14,5,99.7
Education,Nizamabad,Infrastructure,2021,18889726,16740228,88.62,9332,19,6,65.3
Agriculture,Warangal,Equipment,2020,7517670,7014688,93.31,6538,14,9,98.6
Infrastructure,Karimnagar,Salaries,2023,8490455,6878380,81.01,8872,3,1,99.4
Healthcare,Khammam,Salaries,2023,34376747,20800697,60.51,870,10,5,64.9
Agriculture,Warangal,Administration,2024,23598609,15588053,66.05,9409,4,6,87.3
Infrastructure,Karimnagar,Administration,2022,22828224,22774593,99.77,5009,2,6,82.8
Education,Warangal,Administration,2023,33006257,27780219,84.17,8296,14,2,67.1
Healthcare,Warangal,Infrastructure,2021,37439378,25613921,68.41,2918,2,7,89.3
Healthcare,Hyderabad,Salaries,2024,40950317,31659032,77.31,5587,19,6,90.3
Transport,Warangal,Programs,2024,40394887,27353966,67.72,5964,16,7,78.7
Transport,Nizamabad,Maintenance,2021,1132151,760430,67.17,4287,18,8,77.8
Education,Karimnagar,Salaries,2023,15698798,11167742,71.14,9222,7,1,73.9
Education,Khammam,Administration,2020,21493496,20704897,96.33,6624,16,0,98.0
Social Welfare,Warangal,Maintenance,2023,22896277,15269049,66.69,8543,9,1,73.8
Transport,Hyderabad,Infrastructure,2022,34088662,28748668,84.33,8214,11,1,78.8
Social Welfare,Hyderabad,Equipment,2024,22605449,15041796,66.54,1543,12,3,62.9
Agriculture,Karimnagar,Salaries,2023,45894155,38546097,83.99,7757,8,0,61.9
Education,Warangal,Salaries,2020,22427507,20334034,90.67,1188,4,7,70.9
Healthcare,Khammam,Salaries,2022,6619101,4647963,70.22,2767,11,6,97.8
Transport,Nizamabad,Maintenance,2020,14757822,14373405,97.4,1627,2,10,67.2
Education,Khammam,Maintenance,2020,22439290,14731675,65.65,9726,8,1,65.5
Education,Karimnagar,Programs,2020,3494369,2532632,72.48,9743,5,2,72.8
Education,Nizamabad,Infrastructure,2024,30222737,20895056,69.14,4048,20,10,99.7
Transport,Karimnagar,Programs,2020,28567746,19735517,69.08,9166,14,6,67.6
Agriculture,Nizamabad,Equipment,2021,14409501,8706417,60.42,2615,11,2,70.8
Education,Hyderabad,Maintenance,2024,10656724,7761202,72.83,3433,13,3,62.4
Transport,Karimnagar,Administration,2021,23720151,18517571,78.07,2277,2,0,86.6
Social Welfare,Karimnagar,Salaries,2022,31998085,27848077,87.03,8900,20,10,86.8
Infrastructure,Hyderabad,Equipment,2022,24929636,21209058,85.08,9472,12,8,69.8
Infrastructure,Warangal,Infrastructure,2022,47871986,29852554,62.36,886,10,10,96.3
Infrastructure,Khammam,Programs,2023,23549326,17900589,76.01,1430,10,5,71.6
Infrastructure,Karimnagar,Programs,2022,26266754,21104982,80.35,4910,15,6,82.3
Education,Karimnagar,Infrastructure,2023,24998435,15465633,61.87,2492,3,0,88.1
Agriculture,Hyderabad,Infrastructure,2020,40354720,34671341,85.92,4182,8,8,94.7
Agriculture,Hyderabad,Infrastructure,2024,24689710,21762295,88.14,1393,20,6,94.5
Agriculture,Nizamabad,Equipment,2024,7929078,7106065,89.62,4630,20,0,68.6
Transport,Khammam,Infrastructure,2020,32614931,19780012,60.65,1317,10,1,79.8
Education,Nizamabad,Equipment,2021,22526978,13768800,61.12,428,4,10,69.4
Healthcare,Karimnagar,Infrastructure,2022,44061983,36093257,81.91,5826,17,10,90.4
Healthcare,Warangal,Equipment,2023,4557781,2782227,61.04,613,7,1,76.0
Healthcare,Nizamabad,Administration,2020,20335986,19636531,96.56,1474,13,4,65.8
Healthcare,Khammam,Maintenance,2021,11690415,9881032,84.52,2275,14,4,96.1
Healthcare,Warangal,Infrastructure,2021,46611725,36619391,78.56,3700,9,2,69.8
Social Welfare,Hyderabad,Infrastructure,2023,21489738,17491321,81.39,686,14,5,85.1
Agriculture,Nizamabad,Equipment,2020,13905243,11910434,85.65,6929,2,5,66.5
Agriculture,Nizamabad,Administration,2022,12986465,9758415,75.14,6924,2,4,82.5
Healthcare,Hyderabad,Infrastructure,2023,29200967,25264154,86.52,9302,7,4,98.1
Education,Khammam,Maintenance,2020,2871792,2721524,94.77,5630,3,0,70.5
Infrastructure,Nizamabad,Maintenance,2023,17403938,10631551,61.09,4161,15,10,80.3
Education,Warangal,Administration,2023,20655945,17354063,84.01,1846,20,5,97.2
Agriculture,Hyderabad,Salaries,2022,13403391,10625507,79.27,4108,14,5,64.8
Healthcare,Khammam,Administration,2024,9337160,8100537,86.76,2154,14,1,92.1
Education,Karimnagar,Salaries,2022,47491755,35787156,75.35,7739,5,0,60.6
Healthcare,Warangal,Programs,2021,25743287,20171700,78.36,2344,6,8,67.9
Transport,Nizamabad,Infrastructure,2024,38427647,35245182,91.72,9225,6,4,62.6
Social Welfare,Karimnagar,Salaries,2020,42570306,40649672,95.49,890,6,6,70.7
Education,Warangal,Maintenance,2024,10357878,8332858,80.45,2974,9,8,60.8
Healthcare,Nizamabad,Maintenance,2020,19011250,11889012,62.54,7859,6,2,98.6
Transport,Nizamabad,Equipment,2024,25028448,22544184,90.07,5136,13,8,76.9
Education,Warangal,Maintenance,2024,33898705,27830830,82.1,7702,13,4,86.1
Agriculture,Karimnagar,Programs,2022,12192732,9061245,74.32,3591,18,5,64.9
Transport,Karimnagar,Salaries,2024,36209283,25484916,70.38,6031,20,8,69.9
Healthcare,Khammam,Programs,2022,20083791,16254024,80.93,4246,3,4,78.9
Infrastructure,Khammam,Salaries,2023,10346748,10121310,97.82,9831,3,7,94.5
Infrastructure,Hyderabad,Equipment,2020,21890542,18891221,86.3,2823,7,5,76.4
Transport,Khammam,Maintenance,2023,37441309,24879437,66.45,2061,6,0,68.0
Social Welfare,Hyderabad,Infrastructure,2023,39757292,32105492,80.75,4096,7,10,89.2
Agriculture,Warangal,Infrastructure,2024,4519536,4000407,88.51,4873,7,2,83.2
